PC1,PC2,PC3,Li,Predicted_Li
1.1507165481427948,-0.4448632679284561,-0.4901687285699696,,34.75951718933678
1.53999080656325,-0.6467328023388336,-0.4513511286471433,,34.811713949320534
0.8211040322825822,-0.8217458068549559,-0.3392469115452191,,28.936605588267703
-0.4745911964391279,-0.5877781544397763,-0.0991908797714886,,19.470524053048774
1.307583531700937,-0.8589902948868314,-0.1942211010843886,,33.19468687119697
0.8839784688106801,-1.4061655930895658,-0.0971382709479875,,21.28548064152051
1.9422455403543868,-0.3413514168812994,-0.3317483653242328,,39.592078063480834
3.1831954461263097,-0.6714943747525458,-0.5319868225606071,,51.10782025489986
3.0278782650305454,-0.059570650754644,-0.6295461076315801,,52.75822510403963
1.7206239932077714,-1.4150786584092392,0.2411050122021233,,18.486354659935344
3.1707340142110088,-0.0815486267716073,0.5150584047561019,,39.24369214681995
-1.137647657781344,0.1651166087042516,-0.0153441616157099,,13.95230294946152
1.6573528244226254,-0.810750439715784,0.3183061922222905,,36.4985073226861
-3.7217466820059912,1.6768495963157708,-2.520042673369412,,2.7565357897786846
-3.0258564666822263,0.0631342403928879,1.1308517216904048,,11.192567526604394
-2.2703119524354936,-0.295802651290426,1.0195440044536594,,17.07256046824052
-1.25172194052069,-0.580817039606783,1.300478003194966,,25.441453454668057
-4.423481261416098,1.461316138676336,-2.134354726817328,,-0.5102444030201033
-4.098756170217023,1.2277810465132148,-1.990328682020428,,1.7666112014141468
-4.1922565135885606,1.37275138934774,-1.9590396678401076,,2.5419186821875055
-4.09279099199833,1.2207530896322667,-2.0240357310952297,,1.7666112014141468
1.0198002558748709,-0.7439607327992267,0.1651944376360914,,35.9908370864682
1.40608383229132,-0.5515404272921699,-0.1823353630691451,,32.936485392758364
-4.814755071112443,3.067455787621808,-3.020684593490899,,0.80706477028334
-4.909583351358406,3.1462189425106266,-3.052415213009396,,0.80706477028334
-4.953606609976376,3.172361407363284,-3.0983580480539,,0.80706477028334
-4.829801404186913,2.9535279455233567,-3.0081920438981613,,0.80706477028334
-4.872503875718677,3.1450383072479937,-3.052654991527335,,0.80706477028334
-4.762066066115293,3.131434580635134,-2.931284642543871,,0.80706477028334
-4.863889677168746,3.0473624227712164,-3.030160336241932,,0.80706477028334
-4.595640270754413,1.9665094983095652,-2.5232145069896266,,0.5892311737639515
-4.812226717492249,3.045584753803232,-3.00093965239129,,0.80706477028334
-4.790938896936573,3.0191479213868666,-3.0374598059681226,,0.80706477028334
-4.803967959065403,2.94975672414618,-2.997554558745513,,0.80706477028334
-4.519248353446387,1.7839877180709172,-2.2531439526337618,,0.5892311737639515
-4.469982143517282,1.7276025911066566,-2.357386002967317,,0.2331839691891397
-4.6428517761928,2.0000106407762064,-2.540731273500232,,0.5892311737639515
-4.5140966542907,1.9753969295841856,-2.5023555643762974,,0.5892311737639515
-4.239085249986642,1.510193800455258,-2.539579921942651,,0.2331839691891397
-3.5163727069004738,2.0295945210495283,-2.416851823201869,,2.93012043802102
-4.208904583096196,1.6585122109089934,-2.3942874814140285,,0.2331839691891397
-3.7622748670961537,1.226969884069358,-2.307494005585624,,2.7565357897786846
-3.583268775243582,1.5486720453298402,-2.283816312645525,,2.7565357897786846
-3.690614719233495,2.0809978421324478,-2.418437990939807,,3.249241763659725
-3.7000677294585,2.214922920239532,-2.4679135295156214,,3.249241763659725
-3.7418209537376432,2.031906351135062,-2.456062264281044,,3.249241763659725
-3.640786781172918,1.6506476531611682,-2.2752888684470984,,2.7565357897786846
-3.602512822826286,1.696377126096082,-2.2235234625299536,,2.7565357897786846
-3.578421980332839,1.377377669501476,-2.026412134612096,,3.225098065075679
-4.310622316947391,1.6986747188717284,-2.1198303381485823,,-0.5102444030201033
2.991676900539441,1.5737818088201443,-0.6645529819628131,,52.201576038756585
7.131021795120351,4.642299436125701,-1.0231098710830262,,88.23334866353935
2.715705022552012,0.4109625976279789,-3.047198157701368,,47.12148405577007
2.921482540480296,0.3426940824487166,-3.0087915242095304,,47.12148405577007
5.408612395377335,1.9654812303371003,-3.5232961447163564,,56.046900581317054
5.5562591625671445,2.085340812744938,-3.648814074634033,,56.33765117361797
-0.3552862679087022,-1.1284698025852349,-2.080037780270408,,14.04962649446651
0.3145451726744183,-1.652311780644789,-2.206719629368978,,14.65156739892416
-0.470272249006267,-1.0876387023392504,-2.164575669566367,,11.086989742022437
-1.3292724051066411,0.8856014393755026,-2.5635640505226824,,10.719188471393426
2.787432861976476,-0.2483757566472548,-2.886815774468338,,47.22132440844648
3.784251915565767,0.2272161478044357,-2.9190173742634173,,47.12148405577007
1.5548902519978387,-0.5954408887789425,-2.1920082059515598,,26.618627903497345
2.471991631795158,0.3751542153177613,-2.6922259102625445,,36.36940680504806
3.682343334774044,0.2910875265619966,-2.6886506948752182,,47.12148405577007
3.27239695954253,0.2802964876837693,-2.7142676673669404,,47.12148405577007
2.763504106563494,0.6126752196452581,-2.179341233021709,,46.29458105739469
3.284877253594687,0.6122700773753679,-2.6532209644010067,,47.012819295802466
2.8584050740380627,0.2163776988944042,-2.9600462475988785,,47.12148405577007
1.4691691504264033,0.1149456177545065,-2.367429579391557,,26.75948194189585
2.6774281699719644,-0.2039835505547044,-2.429407666652551,,47.24651454224794
3.457077089766193,0.3034082308244811,-1.422346166991073,,55.20332164596807
3.165173280432576,0.0363212975740276,-1.4101553700357683,,55.20332164596807
6.4123389225475895,2.444328300582161,-2.758466269251489,,52.12434602046447
6.262387798801037,2.089814208741978,-2.272675225627479,,51.27049455171935
5.767141091649354,2.317343822005632,-2.8290074068488718,,57.13551794895139
6.901462328533191,3.033827522858222,-2.679824293203714,,52.12434602046447
3.57530927573531,0.6620172677205276,-2.086029529740109,,46.29458105739469
3.214884691781792,0.5553914545660664,-2.1334046331116463,,46.29458105739469
3.031319356049022,0.2414894260965097,-2.6349775993362887,,47.12148405577007
3.5759365329098496,0.3056099992818838,-2.683634070228136,,47.12148405577007
5.097114228282962,2.322832762656309,-0.4461491722343853,,54.99758267196888
5.904768678063562,3.677184825543005,0.4172457728076659,,36.79960182069867
4.794725537791461,3.4813499667901016,0.0517369288457347,,34.90527191050741
5.218115687512481,3.648433397035904,0.2104582046151029,,34.983613994416615
6.354934693523669,3.980521115118841,0.137683756842521,,19.565438126384713
0.2976013743664992,0.1447672155166964,-1.9090670865882868,,25.394560404025334
-0.5132636401114571,0.4284729371931779,-2.1245446051695267,,12.1230216215181
-1.701896713498695,0.4678786179901972,-1.0157297870595232,,17.246415764560247
0.6233292713812562,-0.3968160355171749,-0.9401898324804706,,27.89472171364613
-0.2955899052212471,0.0182424200773114,-1.0030049509828405,,24.942578909037145
-1.3885242951273626,0.2934174578873844,-1.1710139829654669,,16.51425917386516
-0.5254355641947736,0.4280020462032869,-0.7588163261833444,,18.047821416460547
-0.425238071308735,0.5150026429614667,-0.6326433152686105,,20.468460676117115
-1.4591577727427,0.3928826975090819,-1.3577974014789242,,16.51425917386516
-0.2137119843046376,0.4102068040317425,-1.063470604914156,,25.00252354192351
3.179108129410298,-0.4020162493032054,-1.653862847007399,,57.649712483971484
-0.3011310062759169,-0.2879317509381381,-0.9999477787295952,,25.04241926171356
-0.0251677435096468,0.307988214406569,-0.6691298002399174,,25.00252354192351
-0.4404634281863384,-0.1923651350091566,-1.1097532147254312,,20.56830102879353
-0.5672168336149025,0.5217956500452863,-0.7211280168598218,,18.047821416460547
-0.5516629467066081,-0.1866518365529622,-1.0534438954609922,,18.147661769136963
-0.6824723031082129,-0.0901362793740721,-1.003244791332935,,18.047821416460547
-1.318227286933341,0.0036439919740401,-1.628008160807777,,16.245477840231242
-1.8148314518263289,-0.2295035749928494,-1.7550464424123102,,15.99950133659354
-1.9273618560345704,-0.2803899377393756,-1.880150424759864,,14.105605757006606
-1.5604121215946216,0.249095941190504,-1.4902828660176293,,16.245477840231242
-1.383173967278232,-0.0697629350059002,0.9524450998542614,,22.52805597541688
1.32570540734613,-0.2631636861746702,-0.6533398516760983,,36.61672629717355
-5.213584476573449,2.5164258545385083,-0.5223131636861871,,2.863639998716124
-0.0710616847565568,-1.5236303409205831,1.2582125366223245,,22.83297366895241
-3.1458073153761634,0.3421152622212864,-1.1198642601417852,,7.98062314161178
-4.075866170339276,1.371487617865668,0.9321354611615724,,8.728317222684511
1.132774318221756,5.62020762540693,3.212331630215763,,36.55259365088749
2.4136036836916244,3.5385264259438416,5.436723553715756,,41.63142069589679
1.8786389885575336,5.054725447427784,4.521192621772546,,39.66097669917593
1.7759933812254751,4.916945608714589,4.565013579345473,,31.44891240269746
1.656303166473173,4.792688721032438,4.736047506345624,,36.50629502436496
1.1981643400977913,4.801415699094977,4.711835491144683,,36.75281891333188
2.717468282558462,-0.2573035222861898,-0.3797080798463497,,53.36533014841836
4.671045257558776,1.0524954174662653,-1.5448715485831002,,55.809016372865145
1.527066085925939,-1.7882615885603912,-0.3803824547717462,,17.515743372302392
-4.267747978878968,1.8824141508383785,-1.9575486836313865,,4.116402297883381
-4.89290909087477,1.515916159187534,0.0644983516260671,,2.731636875252747
0.2206947405704375,-1.204610001431079,-0.2713202920553847,,23.54053974641935
-0.4741306271458737,-1.46997782702832,-0.3834967674802934,,8.616192733222128
-1.2145859822544267,-0.8995851071126467,-0.1914385198579704,,16.789879793873403
-1.5629282829869322,-1.361686235812142,-0.8529237017834916,,10.497434301338208
-0.8979744945572551,-0.670309450904804,0.0312927629980872,,14.954822384092013
-0.6229578496027358,-1.3915312695950652,-0.1260241018801103,,9.083167218228672
-0.8823696862463974,-0.9606006898030792,0.2490422662817781,,16.093698269257505
4.195058199510226,-0.2404653182273671,-1.6626699697878544,,57.39797303062946
3.17902393722228,-0.3622301794879458,-1.5205158352722294,,54.98370826384264
4.244975999626238,-0.4740275979438829,-1.9629244833734147,,54.212821375886925
9.321998103628848,3.3893837615043294,-1.8489483492011327,,108.96756396776773
5.363712269382452,2.7449057806310155,0.1377212026505069,,38.18531232011885
-0.1442947412994743,0.1539378102760668,-0.7838901700124352,,25.00252354192351
0.6013297557446118,-0.1915640167753298,-0.941394153142979,,28.23762925240376
0.5856100064718576,-0.2364769703838948,-0.9101838375959374,,24.25180889827603
0.5730885562345582,-0.191096324035403,-0.9206146170272834,,24.25180889827603
0.1603556233639025,-0.1773241291343061,-1.0291692645075554,,26.531874062643563
2.3959063646202825,-0.7338947401097985,-1.271158848414974,,43.60486750696262
2.309030132953948,-0.7508257515496858,-1.2576915986959862,,43.60486750696262
0.0770352559595437,-0.3168650855890129,-0.9919463563292455,,26.430236767931955
0.0410563232005911,-0.3011525409060678,-0.9901936000189528,,25.102363894599925
0.5070451406735892,-0.867536013777729,-0.0843946225642258,,23.666567507520273
3.228090390946891,2.3432232519019007,-2.7942689521404054,,51.534987642591204
13.097862407222932,11.35573049665998,3.066135707506934,,107.8990071821441
4.338743631599868,-0.0383285785486067,-2.9983471765931804,,47.12148405577007
7.790901033256119,-3.346731903275737,1.576976092917903,,62.10999053570947
2.2705575725668643,-0.109745457779103,-1.326958958147366,,43.910304734369916
6.102492825346665,0.1092797707267881,-3.369214793657944,,52.6761589119969
3.5746326987865347,0.1986091533125435,-2.3422287990944173,,47.14667418957153
5.456356597755267,2.26588638918177,-0.9547583240586632,,57.7620023564688
4.322642358716901,0.5345690839001712,-2.762128730863578,,47.012819295802466
3.4291178601624903,0.1059679869098099,-2.428048944212104,,47.14667418957153
1.0219145843602455,1.5821108349381623,-1.6729682850117833,,35.45232214043876
4.768158275762009,-1.2926696075177753,-0.312726612226813,,51.913371984653175
6.6495148778551885,1.014308252065547,-3.1061369676768424,,47.09714315390481
5.818235543046893,1.4898618733008098,-3.0781951337888334,,53.25089394810475
3.874750624234858,-0.7323469095159945,-1.90628330165142,,53.58548738452385
1.580644655320237,-0.2024537632159736,0.0437996626691777,,37.439127322194764
-0.6671213776959083,-2.084007497254755,0.4325134894689187,,9.156553660931804
-0.5250874110355617,-1.4741849435321617,0.9861985752675052,,16.805781338138395
2.171512652153737,2.9120614339636,4.388477791583559,,43.4537478743121
2.55451585135998,4.5244561177934575,4.305255011012378,,47.35562871604613
1.7113080131901417,5.160357967964656,4.782819326712726,,31.923447447257196
0.8691674992423989,3.986787630166808,3.907236430806426,,34.582761798243176
0.561472635612833,4.072937690790594,3.771937766480837,,28.00985625548327
0.9359353889518588,4.969560858027639,4.902128030465115,,36.75281891333188
1.3697638788736812,5.179290707035011,4.856158234131066,,36.50629502436496
0.6624432511661142,4.139510693683096,3.995589239118359,,29.857816806886273
0.7612867413737675,4.047153053380577,4.078972331668784,,34.582761798243176
0.8457406274075869,5.180754279098895,4.705314962564098,,36.311852191930015
1.3186391206081896,5.241276741769335,4.828256405899631,,36.87845394727739
1.2497893565388385,5.311606142624677,4.84793397451805,,36.75281891333188
-3.0080594609291507,0.7168626414040242,1.2237676706945315,,17.486611222923045
4.2006553037900805,1.7928721121047744,0.3250967992558996,,37.63219871453788
-0.8776178848679836,0.0547304430546429,-1.3298973097903086,,18.047821416460547
4.5795788912379365,0.670954867968363,-2.0676768668169987,,46.76134558588729
-0.9718295247392084,-0.937741000314758,1.0851500260083655,,16.790721838465682
-1.145332662447919,-1.7621946132031947,-0.1271957614678073,,3.5839409912452096
-0.2188595535023001,-1.666957448276722,-0.6352575472875153,,18.12252362059748
5.155371657450004,1.3552358979965606,-0.1560760708345414,,36.8973985296486
-0.1769803770020597,-1.9578556603360275,0.9310153224999244,,24.020171244720263
-4.829927399092701,0.8778652681519991,0.7829406990584946,,10.099919138173108
-4.598423735392292,0.7454153978750337,0.872047013615069,,9.612736749992385
-4.62871230370274,0.7304227258478264,0.7648691854990695,,8.806872361313607
2.668176107052428,-0.1987973204836155,-0.2867845068772268,,53.36533014841836
2.58896517264787,-0.2027404456511898,-0.3112179525598837,,45.65260825785323
0.8908806294793971,-1.4406832407820356,0.5319492055929691,,27.926850265707262
0.6333440234290864,-0.4690520864883276,0.7094721588468222,,31.5166138592191
1.1805505510753398,-1.1558518754347382,-0.0491961697947126,,30.758615742960394
4.87436828049336,0.5197172913057204,-0.8323899886969629,,52.75822510403963
2.3263985069722737,-0.134095189332846,-0.4671652445147736,,45.65260825785323
4.4272849465643365,1.5329237721653706,-1.757087089429953,,55.75252145377179
2.133036251668355,-1.0225819814778283,-1.1429255807576766,,39.76674871234416
1.6836972925805886,-0.8095742668428215,0.0994941773830794,,36.19932239210601
-0.6129475577989104,-1.4555052585974189,-0.0385712012165753,,9.083167218228672
-3.002893333876368,-0.4135128619691492,-0.5602702208764577,,6.290420302659595
0.0514175409753017,-0.8501046353575833,0.4643644426020534,,28.461323042697575
-0.6388938878079311,-0.8471992674967516,-0.6005512078379337,,17.21928305942122
0.4361466139933797,-1.2071650003371144,-0.0706305691088039,,22.42538945624304
0.8785617069211129,-1.1961784022078874,0.2412741099989641,,29.68053273963364
0.9858295672885814,-0.2526503932203268,-0.0966913837365813,,36.523857247302146
-0.4223397914111151,-1.8582654585920584,0.6549917062526521,,17.42322665358938
-0.2653778402638272,-1.4422689010914151,0.6606771919256409,,25.750080969127524
0.8732588178263172,-1.3234593123867386,0.810073087394042,,32.339158419698656
0.768784625215885,-1.327372714464908,0.6196232646194716,,31.170249576608327
1.0790732952912012,-0.7743462088007217,0.4448873245562926,,38.01314838657606
2.599094437126247,-0.8497543934782426,-0.2517100150134122,,42.423663282818495
0.6649666481327186,-1.205870737357021,-0.664795339091574,,21.84054723289705
-4.292867186864783,0.568928497416165,0.7019078811738044,,6.192667164141146
-0.733213763992364,-0.7666535961151318,0.2311317801323687,,18.326952539115883
0.1178826315402449,-0.6234110521102624,0.0080797904796466,,22.505258361901156
2.191559517407056,-0.7593129813159131,-0.006298127833812,,38.999784785387924
1.2162832079562225,-1.11796481465078,-0.0178577273931517,,28.187891273716552
-3.247367409881412,0.6892017484890086,0.4468857817941876,,8.948683090989375
-0.1029872618960547,-0.2526811651934271,-1.2745091519840022,,25.102363894599925
0.0352134059608198,-0.3727916584213279,-1.1217441947871785,,24.199302232625058
-0.0001955667050261,-0.3490567932221937,-1.1011904112151003,,23.790568448225994
0.0642721260848041,-0.2410557866598026,-0.9865962169805488,,25.102363894599925
1.246128399083506,-0.5792138758385823,-1.289916630524729,,34.42967874704814
-0.0886279557240833,-0.1488197415649616,-0.989139911445556,,25.102363894599925
-0.0872544166222906,-0.1298162453837712,-0.9841205910493936,,25.102363894599925
-1.2082205710918454,0.0858239529507013,-1.3370678029698368,,16.51425917386516
-0.0890459922929577,-0.2045979387204022,-1.2025615586671268,,25.102363894599925
0.0516039220307273,-0.3760441815162742,-1.2566189940311203,,24.199302232625058
0.7375714662115629,-0.2790532177941786,-1.105525370162138,,32.10078642688415
0.6722367017515859,-0.3841652981572755,-1.1455126497205832,,26.450692973828293
4.534460214203817,4.955959142442793,5.391377709578048,,47.926057083886164
2.3599071416098707,3.474878582942638,0.2574071267896906,,40.17741947255488
5.324784116673901,3.0182467642636417,0.3849572604743196,,39.44818654081993
5.765142998274544,3.538175995795513,0.3419333767936924,,36.568177496685465
7.075575876572441,5.024268705575151,1.1798585670218456,,72.99039444738101
5.933294401694218,3.3358092869075597,0.7045297738918611,,37.69127661682832
6.386021369386333,4.291374684168606,-0.3808741774464295,,57.75746924507503
-2.0838367369021107,-0.0998263944603907,-1.2443871727670428,,15.043238710271998
2.246725514644444,0.1433363426430337,-1.7420351407301409,,45.497851074652566
-5.496265313280306,2.2946357845218315,-0.3017464718543823,,2.863639998716124
-4.841008855948761,0.50307225724051,-0.9560170646287136,,4.051427363807737
-4.686562911295853,0.4558847689399523,-0.9313443684507152,,4.051427363807737
-4.926912575311063,0.5475653362791586,-0.7487733286281002,,4.153308890182018
-5.478256587412935,2.0181601922406305,-1.3511136765753944,,2.863639998716124
-3.984334170672301,0.715060599000763,-0.4017415002753255,,5.218173847110033
-4.217241752452826,0.7440324031248983,-0.5600304333422637,,4.153308890182018
-2.5643458103106624,0.4540492121700074,-1.5939597130684138,,13.826489058426514
-4.4630606069546594,0.6701626987060385,0.0433142157288178,,4.333648835036863
-4.0122388100480055,0.8403572378301689,-0.2351922115891072,,5.218173847110033
-3.401637732588314,0.6216450412974289,-0.1261207698047338,,8.314675155613648
-3.2541346442326367,0.5731222437511205,-0.1984209753403125,,8.407544205485053
-3.663789022053056,0.3757036323860575,-0.370278486444079,,6.1894220525102845
-3.674877199704208,0.3764787692713537,-0.3751551765489423,,6.1894220525102845
-4.248108001795347,0.5772044609264323,-0.2526155979778564,,4.153308890182018
-3.599986525721451,0.9193513617674782,-0.4215483654940505,,6.616343116383555
-4.013452148577291,0.5440948958861559,-0.1735326399534443,,5.106481505761213
-2.320753579249009,-0.0898662047578949,0.0915881746210171,,13.241857966938129
-3.4203324309545384,1.2894713658574752,-0.4351938740419588,,6.865849840088943
-4.799460906609355,0.5721151101385272,-0.969664008951874,,4.153308890182018
-6.384461369328282,5.127433357677821,-3.2696163916646577,,1.4766173288272293
-3.887152993186712,1.5574104321406017,0.2322448085489623,,5.395149695184396
-1.022427365322436,-1.3631024968542529,0.2926423358550578,,11.049364141898675
0.7088239175106381,-1.8434635349033637,0.1569737409531502,,23.01220168842279
-0.6167741693753188,-1.139801277588864,0.5493229385121104,,16.967825785558603
-1.1582407897456215,-1.4607043461392992,-0.0118091026503109,,3.3605911761543434
-1.094606870911725,-1.614740773797784,-0.1556797764935074,,6.198026374234711
-0.839049609641413,-1.008460098145339,-0.4134613247233648,,12.821384569212174
1.5199331105913572,-1.8490301789487624,0.4762560444185876,,23.977932741537746
0.7079488444113866,-2.1047001167090302,0.6972670171789829,,28.42127970721035
-0.9283081709804344,-1.4690817955455515,0.8631960633733615,,16.785973313874635
-1.895060742986312,-0.5155339038481053,0.8974182465104296,,18.14080474837808
1.283968232674067,-1.4711197728307135,1.1015413177559674,,19.21590990385851
0.5168090669644226,-1.156240926483184,1.0560159500043376,,16.001377098094963
1.2980754409874364,-1.4135386901006382,1.0509326206498733,,16.905025119396118
1.6187130958535685,-0.1901953876293991,-0.6655315990699844,,36.99876149944594
0.493111041230328,-1.097318091861285,-0.051865341018509,,21.323365429155107
-3.0140822158624987,0.7989727877762726,0.4970015959531565,,8.948683090989375
1.6668678109683264,-1.1169609763128994,0.7979574131008446,,35.91095216711082
1.985785966128696,-1.2788671658905748,0.856395165269676,,39.139280100586845
2.2449180519075487,-1.124996799552732,0.8107485810641066,,42.41887979439638
2.029652146667466,-1.0824754817240123,0.7347818436699537,,39.33469501692887
-2.6061207404988704,0.2878976370546431,0.4631817299148423,,13.92131988043719
1.9011615441069716,-1.1134802010185985,0.8950686739100775,,39.33469501692887
0.3821464342422235,-1.3024110876819397,0.8772541587635462,,27.901833905201727
0.4124986628020623,0.4014022455851806,0.1516595331936696,,29.742338094082484
-1.6481993311308132,-0.1597638080813297,0.5707205787511601,,19.931275784133863
2.398300409323848,-0.7297656827885869,0.2126272544080187,,42.425252709363065
2.1814238125220986,-1.118799996511764,0.7563403812376488,,42.41887979439638
1.6612401050194776,-1.4296666379007612,0.7221708411724074,,27.591683095852733
1.895762464182781,-1.1337508799687757,0.4644697324972028,,38.44302022079922
0.9273776358434516,-1.0339826250765702,0.4826237373432047,,34.73244998143416
0.5254667029526786,-1.4833609234439082,0.5970049949762899,,22.229238829610775
3.085004722000069,-1.1901583615674949,0.2576296817145499,,36.55868505645666
-1.61804206868209,0.8204750764794141,0.8030638856790249,,23.396661234052186
2.536355808908921,-0.967346468230441,0.5301821131235421,,41.256537601694895
-3.6381848880582193,0.8447821197631705,0.7344038268157768,,9.007166360352588
1.7437844328886896,-1.5834016970389138,1.004880798530047,,20.781196771626078
-0.9575729255472928,-0.996811279739654,0.3670075028622533,,15.95366612673288
2.25827891698652,-1.443806522982299,0.7859680642347177,,35.16459980043783
1.9381573197673891,-1.249767701972733,0.7748079676059861,,39.564642318640466
1.898079214446808,-1.410877557363766,0.8251870304478607,,30.794583098999897
0.769379085174664,-2.1036652800539994,0.852574340470406,,28.42127970721035
1.9866193948221504,-1.5288504150030706,0.8605328250072439,,25.62345571151821
2.6857106599423046,-0.8274279042870818,0.3787780229539011,,37.93293927965131
2.0548889075454744,-1.419023350069328,0.8331973582925316,,30.794583098999897
-2.0879764773322607,-0.0789625856378714,0.3125896992355654,,15.044278271800263
1.6706084800471634,-1.658746030124389,0.657344663946035,,26.005504329233833
1.0298061969733587,-0.7692905316013673,0.8242856951480291,,38.904823182705705
1.820540772772817,-1.0966930462614386,0.5560304923729505,,30.18273759598456
1.656681229773019,-0.5798473461287177,0.5409147888630147,,38.61726728989878
2.6570876963880283,-1.2502799214234357,0.3594673870682681,,41.94649318907102
-2.4209655954070106,-0.1355290214879027,0.0872401248575044,,13.194854615967746
-1.5874660695724676,-0.7652922458827065,0.3276518776045389,,18.220604549490986
1.2943975304379036,-0.2396755489202551,0.1949093953470953,,38.77861393451761
-3.0541549845748963,1.0686033601759894,0.1584780823344373,,6.99889683490748
2.625538112606024,-0.6315350802756895,0.5447673161288318,,44.240074502289005
1.8228568586930765,-1.2488237683416874,0.6090895637877566,,33.05637645230913
2.606855548650876,-1.4340469028061325,-0.0388346463449676,,30.577852400794736
-1.357725027655379,-0.4966202862336891,0.35129071527525,,17.052648570843488
-0.7492373043664585,-0.6376575477722277,0.2479118009220859,,18.624448088190316
2.059561696097544,-0.8725072889757398,0.4223322921312507,,41.24779793523904
0.5662779910219217,-2.173355903377693,-0.1586545462887579,,10.716330436993644
1.701156569118776,-1.87515885859062,0.0169791662405333,,14.631307006516277
0.6462162466775976,-2.44776476220703,-0.2013244597574696,,14.306958108878955
-1.987984824651642,-0.1567085962381693,0.0260937111790142,,12.581122838544772
-1.224333037131098,-1.095588283909961,0.4196701174158437,,15.213939532551963
1.7574911305973848,-1.4937656939819977,0.0296526815741246,,13.363937173820332
1.4457488692139808,-1.738854294868293,-0.0316124965942925,,15.894312750863719
1.5681612284619844,-1.7029812970674485,-0.0206135109162971,,15.894312750863719
1.759591487425149,-1.3982600373204377,0.0263960151536258,,13.363937173820332
1.6520015981741107,-1.8743272105230355,-0.1368112565358349,,17.42287432243099
0.8513777251211962,-1.7540020834435603,-0.0101030483025465,,15.535004280479486
3.737806245334352,1.6032625317228206,3.836653935652828,,42.35010994626633
1.6083013355455418,-1.4277796385703432,-0.016877680318656,,18.421319795487854
0.4460972770400629,-1.7270549530107806,0.092814299886278,,17.19346852249594
1.5002161133015868,-1.7182102654913975,-0.0584038249369866,,15.894312750863719
1.51647864942262,-1.876050648310968,0.0760128046945149,,18.56906850732176
0.6130280876475256,-1.0296193641569775,-0.1042901216405079,,22.379518698190598
2.593776117301075,-0.7149541828532354,-0.7281972796683635,,43.60486750696262
-1.8895442526051116,-1.0512632879099577,0.8903059358322675,,16.547728756564055
2.347424869525884,-0.7893118372952581,0.0444080743693808,,42.34691062545386
-1.6366825057950376,-1.4153617652262775,0.7035578362328295,,14.31786958747951
2.737193338615926,-1.622295109476506,0.182312074306443,,26.9889393583906
1.086023689839031,-2.028812770446142,0.0921373431128545,,19.396791954972663
-1.8614932752502331,-0.643112878728259,-0.0012885092561643,,11.349270980502933
0.5178437281418945,-1.7900085096904896,0.1608265278364065,,18.674737144026906
-4.858500987153272,0.8009679608852353,-0.5863917157379346,,4.153308890182018
1.711278236082245,-1.8903558067235773,0.114213610005872,,15.065202068507384
2.2394812888341837,-1.8003547864050131,-0.2692424405191032,,26.746988350697098
1.8377247798867729,-1.6899577602259044,-0.0407510645684368,,13.39050792514446
0.3800166152466042,-2.008618152967801,-0.1221601755962994,,13.597777555870127
0.5737591092723977,-2.3906767004169445,-0.2367589274459262,,10.80919948686505
-1.299749712924834,-1.147835063560397,-0.1660851996972505,,11.18064796104589
0.4892870417319772,-2.3810847407914597,-0.1615133893774879,,13.157935789972056
0.6409071037780599,-2.3355739985944823,-0.3998684308838742,,14.537402887786257
1.4500564077494384,-2.062142462736411,0.0171132429064633,,13.15310163216256
0.5484150666636509,-2.1888708555463365,-0.3399993591196186,,11.039644265772354
0.2709000339006462,-1.3459408450130514,-0.1494491243978648,,20.535001469371444
-2.5288233862819838,2.4657279561977195,0.3948632743712786,,13.254155773731842
-1.351726911687895,0.590763159146645,0.0335525870462753,,13.95230294946152
-5.253969300277986,2.181482125035826,-1.4547708358584872,,4.369944141486325
1.6946120728577776,-1.878397583363021,0.1516235293729045,,19.279189448071534
0.4633620020759256,-2.445096534074529,0.0042038141411621,,10.587211320728212
2.155503886441245,-1.36302169022352,0.2293377963824676,,36.992791229209416
2.248214717960154,-1.1387434472736884,-0.5019584711391107,,39.76674871234416
2.7758669477507443,-1.0136797183587745,-0.5847654351443738,,49.25295066199767
1.6457701701730805,-1.4011508653848106,0.2514399874128314,,23.069202237043125
2.205386620170928,-0.7456345153503059,-0.2056088069586037,,41.962404336155714
0.8387462335139734,-1.4866101071278448,0.4187048503625529,,28.42121184056978
0.8363632051327998,-1.1647557579142085,0.2407427414279692,,29.68053273963364
0.6580281838543455,-1.2142463705632889,0.3637902802775798,,26.916476526252495
-3.108939307094033,-0.0325676743494464,0.1361128639434523,,7.243173257107331
0.4470256938142893,-2.79850567868052,0.5736692688355152,,22.074576807243155
1.8035627556199876,-1.3943085204320125,0.0405064531095365,,13.363937173820332
1.431187350075801,-1.926291817242395,0.2294549727911994,,17.80098407371783
1.4108073529066527,-2.020838858981372,0.1664674142134607,,17.80098407371783
-1.332435923252174,0.4414359456334738,0.4580311084714227,,18.418527800505192
0.9822646416238446,0.0299805541387048,0.5386361016541746,,40.267968293756255
-2.052282435144126,-0.7565600208386396,0.3371876272123359,,14.622277563753343
-0.8755853885772269,-1.8841497132564464,0.4756804698649865,,12.482848548451965
1.223714520261758,-1.4278701337482065,-0.3700766486179168,,22.609784463684544
-4.194428135680103,0.5072412109646028,-0.037921118884782,,3.958558313936332
-2.6796669542545843,-0.5242638418271802,0.0184445179446018,,9.188662081408392
-0.3696261362616754,-2.432518228108918,0.3910018947599339,,15.434692641573685
-0.4305021189674732,-2.413895937487726,0.3876016725514256,,10.701087533205124
-0.9483073978998235,-1.754873612427421,0.1502332221187108,,6.242661428357995
-0.9296947449604308,-1.702756821977795,0.0056433323822719,,2.573035724259692
-1.50629066235045,-1.4047326927062134,-0.0291676733174838,,8.535526053705645
-0.975753635782341,-1.902549199968801,0.2760671495160732,,7.451845624621524
0.8042491222021282,-1.6264615729287315,-0.5404274980630771,,23.56571167976208
0.0723681672152026,-2.321846190146792,-0.0776103846282223,,12.70044740911878
-1.1934674767411466,-0.8741245365291855,-0.4796025521818537,,16.592051232237505
1.82700914264336,-1.5971943912108812,0.891453572474226,,24.68364791355166
1.7755270230684457,-1.0205279873097908,0.7930573085505787,,28.21833556208577
-0.9346920904163482,-1.0443030440898244,0.8041195972542433,,22.172644573136537
1.1546645523260624,-1.4622529815041594,1.135281111394402,,19.090274869913
1.1484356221707344,-1.4379659501308946,1.0780000473957996,,17.367205748266308
1.3744574270521748,-1.436300149174584,1.048093188647541,,15.96796963313037
1.9304352855286384,-1.6856922270202856,0.9545757806256958,,27.259488992066235
1.257365867588966,-1.562528286107603,1.002941809521096,,22.382386125098645
1.7273114424457627,-1.2972402563736165,0.978770062129844,,29.69248672107275
0.1291688927773121,-1.4894519762057674,1.0504439235713916,,13.028675225196237
0.6374243902638067,-0.9777396627257688,0.9025998125232416,,26.7619031661599
1.42256616593083,-1.481220334648804,0.8361557832346008,,28.179498758668434
1.2674834920082374,-1.5708845144207255,0.9897931354158502,,27.074921871230284
-1.3590808552152869,-0.7431951897707629,0.9619949154554736,,21.9198676792334
1.7936366293093735,-1.2162995266096357,0.932729239335981,,29.841509953859493
0.9158678503822876,-1.4679597415525396,0.765066570853174,,29.578734873804365
2.1494970410634373,-1.185312687726976,0.7979346762807736,,42.47882529422685
2.148596816312764,-1.0028536120788294,0.7951634598303889,,39.56280296436796
1.8280606122490624,-1.2195404622016353,0.9441921223749714,,32.39508774980776
1.9146089280777403,-1.1257492641956757,0.9654998835419436,,37.673649217669706
-4.826043927124701,1.9088292741573023,-0.8531506051576438,,2.907344134972715
-2.458721736245455,-0.0028406933946779,0.7100304692069053,,14.631278437616361
0.3442488652476223,-1.2073861971342632,0.1709062998747341,,25.95563747142473
1.4371862073792516,-1.361950759206269,0.8860342149265606,,34.22623287196293
0.7457145669264852,-1.2927588735638156,1.0411542235002162,,20.12762929416059
-2.515795690653348,1.4604925298117382,0.1849998350068348,,12.490016678471244
1.6464619252147132,-1.5111208080553575,0.7905877931345309,,22.420555708371054
1.5851683863562296,-1.2585516553266245,1.0269694380145944,,34.842696409041785
1.2333241848967826,-1.437870708072437,1.1379809257410574,,19.090274869913
-1.8144252814371504,-0.2974128453039306,0.9940725279376766,,20.174570582309336
-1.0870099083432496,-0.7288900401947073,0.9892000463150216,,22.510829760589186
2.3293756336702693,-1.293048946405272,1.0340479000774825,,42.24856266391708
2.243804549815621,-0.9097633365234308,1.0086376090190998,,43.42940510992028
1.76138315858282,-1.189960407557961,1.4055780037138417,,30.81950065601177
0.2107098411987968,-1.8706853191924548,0.9625957869084644,,26.111785931045198
1.3248000353142837,-1.3341195053537125,0.8827466402260679,,35.554344895167304
0.8300899284431277,-0.9858789413901564,0.6924352225008528,,29.67849650601226
-1.5107220643705843,-0.7258389258845899,0.5335663893695974,,18.400623323066274
0.3544081879963271,-1.901924508243194,0.1065463436611844,,18.948389528845166
1.4219275449579232,-2.011521274583384,0.4064219963126964,,21.09147961991565
-0.919697181450045,-2.021917406621968,0.429610498576376,,9.42893121996305
2.137682197674552,-0.7241453980312217,-1.3177143617131513,,41.962404336155714
1.5194268396238628,-0.3025763039152627,-1.3134793158939777,,36.99876149944594
0.4593711590899885,-1.3543212467790535,-1.1556546717921925,,18.366952880688928
0.803034443515089,0.4796936852830295,0.1609895839050935,,35.46358710637256
-2.733274364339013,1.670162747576628,0.185097368057839,,12.490016678471244
1.5536218037100966,-0.0756205185102391,0.5256632924528843,,40.77563852997416
0.001300254563416,-1.881759956780748,0.6795604890248681,,26.078542744564693
0.0369734327819244,-1.615798430742072,0.5769744768173246,,22.662179992007875
-0.5847326901096482,1.747139230256883,0.2429784134702683,,18.007295461664203
-3.3624931047268563,1.389636251243661,-0.0118678760286419,,4.303893615685304
-3.442043947668274,1.213372095502086,0.0751428475912423,,7.046189784943788
1.474868315949147,-0.6559324279374826,0.3310023946820358,,38.38584296588557
-2.4691550033444054,0.6680214499847774,0.3067218147624613,,14.228317386878958
0.8267227952354965,-0.5635719132928094,0.7491334510236819,,35.91172040828739
1.1745486872178772,-1.0941801407571572,0.3322592433927016,,34.50102565742095
1.202681787096924,-0.0906005126951877,0.6422524084256908,,41.08087680673232
1.0516008878280203,0.1177726402274878,0.3276098043943295,,40.03654396974305
-1.1647995243615066,1.970757782094782,0.3581055553475667,,17.217356531671733
0.4512679259668162,0.5230598204235185,0.250891837814331,,28.59049710049099
6.470873469897159,2.3479188493600778,-2.670512468526425,,52.12434602046447
2.441269170179352,-0.2838753646060578,-1.3711776895231689,,45.65260825785323
-1.0123957048538583,-1.3856712657463908,-1.2346738599506433,,9.640662321149817
0.6323366233086681,-1.4010297231970756,1.0786859000028546,,13.69253707732688
0.361892709914262,-1.914733452715132,0.87027084862155,,25.005642857731495
0.0379434107676548,-0.5268739168601926,0.287777389486069,,25.250792768382976
1.7005397037392886,-0.7829100336081443,0.3550625582188706,,38.06855145210988
-2.2798937697429484,0.1951391850500884,-0.2919906050351996,,13.668349328187151
-3.5182793137318567,0.6507898835660918,-0.9320707455476712,,6.29722179074485
0.1432598225268678,-1.5424457668995524,0.9720121274307508,,20.710009527659935
0.2147354355767484,-1.6646692250313817,0.9787192545163876,,25.290132806497272
0.6500073691038322,-1.4077405740585882,1.069036740375328,,13.69253707732688
1.030197793962696,-1.107094230410014,-0.1259907635534185,,30.758615742960394
0.9355711942965762,-1.773524765837689,0.051376416211503,,17.924098873743937
-0.9593249525946336,0.6943097864561957,0.4246826808302889,,21.281644458651222
0.4241220925992074,1.6948456063448398,-1.3510567034810697,,23.802061918931088
0.8001062042093212,-0.2444561000644188,-0.2531651821882096,,32.10078642688415
0.286769613969115,-1.7513326779730087,0.0915021236950161,,16.81553063663022
-0.2159160313440664,-1.9138958309587597,-0.2660665056353312,,12.584923090972813
-0.5625876773903863,-0.5362553379269653,-0.2836131853300131,,16.984530553438432
-4.421467261363398,0.3140282148190411,-0.4161349709249838,,4.04922770814309
-2.381388069161708,-1.0268149918359044,-0.198406434705629,,11.262833243843025
-2.384734433307234,-0.9291796003509074,-0.1963035021126358,,11.535511724241788
-1.492406266007737,-1.306888921769791,-0.5264784953057152,,10.841417649080512
-2.3318979002298947,-0.9920004466154428,-0.1867624067976327,,9.370867503891114
-3.765813871532802,2.279800866589009,-0.830891138364925,,5.430695955562262
-5.50408404615232,2.737020231919015,-0.5646388301624601,,2.863639998716124
-0.5917981544274075,-1.1353126787502386,1.4724929618163147,,23.12974385223109
-3.4264826833879733,0.4337172251078497,0.4435677048331011,,8.948683090989375
-0.9988662448946928,-1.6808767708661274,0.8320810318371061,,17.99373707968983
-0.6014698140092753,-0.8063311714852367,0.5743516314779019,,20.944471478980628
-3.5318543719565736,2.874615577427779,-0.3794947394792232,,5.430695955562262
1.4736085040728486,-0.887063738997479,1.1775420988189118,,38.65087148390977
-0.911853728848506,-1.6948520009430612,0.9538971742102254,,17.035051950882185
0.0318287484099849,-1.435236315917876,1.2761362772402265,,28.010070820129783
0.1002325151392206,-1.0178735615777268,1.350655477151649,,26.717153066461858
1.297359480795554,-1.4370534388553364,1.3475511828544229,,30.143706797001816
0.5534644041669601,-0.9051050093966104,1.2107312692830032,,29.72300012070745
-4.1287560330082815,1.228850205244869,0.6624343680573435,,5.276199687744723
-0.9028598916083724,-1.128323040303442,1.224547022744787,,23.12974385223109
-0.2629923689897449,-0.6492524799438691,1.1364504933859114,,21.24986638686921
1.717168271595196,-1.2393840060177324,1.2619436575803171,,31.464037502452626
1.738092539556123,-1.3302113692315214,0.6488509919980157,,31.274766237178323
-0.5711374108719365,-1.5697047711050969,1.3198398275198782,,21.376469761390577
-3.813033529311852,3.359640517077162,-0.0991491425786144,,5.337826905690857
0.92038385394856,-1.4930748419651465,1.275625968494693,,30.018071763056305
0.6244566401695884,-0.8349833601621437,1.1086317600406772,,19.420662521790156
1.0198041638982642,-1.3239479276245545,1.147871935950472,,35.86804675047371
0.6685313329152953,-1.021537791152656,0.8356153057625982,,27.809628344683752
0.5842894610503562,-0.5868301510486139,1.2396855533757332,,30.266213486893214
-3.4290238032667317,-0.3535467540991184,-0.708474019882645,,5.900414292719771
-2.5278383514400726,-0.4397806249575161,-0.7043909446318202,,11.75061830581203
-4.207883516308694,0.1428015052766179,-0.748441070578214,,4.04922770814309
-0.5670255234226808,-2.013259727449304,0.1091819343916574,,6.34582716371894
0.4249505477970991,-2.033664686556097,-0.143893990543041,,13.597777555870127
-2.2551874200990105,0.0198775098519416,-0.0554125516146824,,14.363094102708047
-2.2671173187184777,-0.4803941014181975,0.1268741305563949,,12.025310252158553
-2.107066970924365,-0.8087188010559795,0.035654144852762,,11.252822313398127
1.9480940911162428,-1.2049507025130206,-0.734913258763766,,36.912511236588244
-2.9043988468242867,1.162096613711601,-0.4900150526527181,,7.991054893829787
1.4349333183186337,-1.2618070181323553,-0.1282984755344501,,30.577888223265344
2.924343588032024,-1.3143366013052753,-0.3576300200701501,,51.913371984653175
4.0376922831328566,-1.5229424017102218,-1.0870433630841885,,42.91409904075276
1.6956526699108028,-1.892695959048141,0.1755826375226867,,19.279189448071534
2.413485889135218,-1.3086685158625722,-0.0549830118351125,,40.16369635932838
-2.691860498811657,0.8544353521121418,0.6097210078778005,,15.317160317821909
1.580056380853663,-0.5026586183807492,0.6793323003312831,,39.35071879620325
0.2460709262649036,0.280117266966018,0.1663636307399436,,29.894674742131986
-3.028892096300421,0.9895812088520324,0.5425223446215139,,8.676076517287106
0.8396285240977064,-1.124524556029836,0.5117287663554173,,31.642898539911045
0.3171594751335389,0.8044171508977278,0.4451122358098387,,30.569715945847594
0.3466999387527348,0.5376847874171322,0.2736744166755185,,28.59049710049099
2.1906602495441168,-0.0780913961613886,0.394848772955005,,45.54087818094925
-0.0483967501052102,-1.0146709901324868,1.2782772971612897,,26.62407711715397
0.6188049218532825,0.1357308298546513,0.263911063583455,,31.600429931892183
0.5418164568208397,-1.4144454682607752,0.657201896009272,,24.4285099814865
-1.1073602463537968,0.17220641104867,2.014901266853277,,25.95319308374673
-2.148134247771061,1.59978454917173,1.295893465527571,,23.160594027118734
3.115711822710894,0.7274319721489984,0.4376462809345151,,39.24369214681995
-0.7587879538738785,-0.0024030481728866,1.860255253448583,,27.714577841836597
-3.369616716586673,-0.0571588911619459,0.7021150872907678,,8.855805353252393
0.1226431827867043,-0.9435142339117684,1.1977018270030304,,28.881797286812535
-2.173826665168685,0.7288351015406678,1.19213738500984,,24.361888804753924
-0.102401983440557,-0.941988801554713,1.100635362628051,,17.860924444361338
0.1362633146891116,-0.8460889810301855,1.2680816707347071,,31.67272407748805
0.4676102658843458,-0.6728000937796627,0.895029642409687,,31.474395893790458
0.3430256505357911,-0.8562430621770409,0.9452685642244356,,28.886229910624735
-3.935593669838591,0.3835074938530918,1.1585436325454932,,13.014200005817274
-3.7336426984503377,0.2371907897419631,1.1814001192965418,,13.645791298557915
-3.729849382333829,0.1817049951680874,1.3277417708408363,,13.645791298557915
0.6431498251866741,-2.3534867321416275,-0.1809540819694778,,14.306958108878955
-3.5287455015569607,0.0674480911616624,0.219923891902472,,5.458860624278395
2.403941341137263,1.5485290054157326,-0.4482076746854211,,43.47197307079682
6.269341050924043,3.8449201446078174,-0.6229869884630286,,50.02107088064747
6.814291049826791,4.408763194422505,-1.118041321477388,,61.53973070311065
-3.499487218420041,0.8394240051458706,1.0455968132896003,,8.286694143600807
-3.594038391168793,0.3747350338417148,1.0899413795003567,,7.658396762006478
-3.289355488863691,0.5612315139907281,0.9741874901689354,,13.456880137505971
-0.7791487636058774,0.5343898779667428,-0.4458227125875453,,18.047821416460547
0.5451021011259255,-1.35031240570212,-0.6470906110336576,,15.925347527710507
-1.1818274723311193,-0.9952718054031032,1.762947926112632,,20.947106297354193
0.4001734780519616,-0.9135370280419526,0.3454559840412223,,28.209819477981238
1.9080028201559192,0.4108106682045351,1.5382113600791134,,43.14123980145875
1.237816459232601,0.1579215200561499,0.3517660995526963,,40.03654396974305
-0.1977335900486356,-0.3711074031390702,0.747815568294181,,31.336066172491844
-1.3564211927501657,-0.7673406873544468,1.050828602519933,,17.262591350234196
-2.807952489717584,0.8184021400585632,0.1388202285255558,,14.501969771697217
-0.174779862826581,-0.5955081000983029,0.7474920189623923,,30.87610565283955
-2.0986301944296115,-1.2571279136323148,1.6059753958653706,,20.38738959879562
0.9236369667352612,0.3666779650709601,0.2822864015655054,,38.553138547895685
1.887985177596708,1.335859950168932,-0.1982098735696598,,38.348484813915846
2.7705064433106963,1.559949317668636,-0.9150491346284452,,52.7088407304589
0.8562112095798532,-0.290376892441598,0.7632158293470369,,38.169932001039186
-0.8487352184380905,1.0299141947751778,-0.8428452354145529,,16.722027267065485
-0.0462022847738295,2.004657961352936,0.062169986145833,,23.422938720972212
-1.750069651662194,1.2133411825383786,0.2031877779177519,,16.415331782589327
-0.9660043039159524,2.112985931891762,0.3645165912240619,,20.080473189817766
-2.7100636822933355,2.139945010302644,0.1401818607130198,,13.119716267864314
-1.8884663814046148,2.403567647011838,0.2222689697658822,,14.55273966104957
-2.257186275070914,0.0503538252728305,-1.919804037276176,,13.418489846637646
-3.511929734560902,1.7112315796718618,0.1277134592733506,,5.162226804985543
-2.5363176668566085,1.44016958632583,0.069180018479891,,12.537309628507552
-0.5325734292718405,1.0572215962185842,0.3577710699763782,,19.724425985242952
-0.3647610541276097,0.8032917342748065,0.2529887370401616,,27.861553203990717
-3.018520671592557,0.7989948802847858,0.149760425281945,,8.540591200303588
0.2918551337864294,1.4133181818836005,0.5275821162886309,,29.243921796452533
-3.0502717227319542,2.3817850281134403,0.0818099337499146,,7.402236989518599
1.8942627042476088,0.2926639136324495,-0.0979469722081446,,40.43422487537847
-2.430281945011945,1.3424262535511362,0.0980137740733223,,12.537309628507552
-1.3106439032181272,2.150128235555639,0.2896463171119606,,16.039222396469032
-1.735898030078416,-1.0690396885595,-0.4208053317132128,,14.112991539233404
1.1106715105493346,0.7626048994751515,-1.229815574282324,,35.36504495090565
2.378062551243869,-0.1247978487801742,-1.655522504818293,,47.24015459813588
0.7600025891299474,-0.6305970762171368,1.477359207767189,,36.35105729753931
-0.2097524491615964,-1.1171248351982794,1.3567283610029843,,29.48015394718239
-0.0581582388665393,-0.181950551002819,1.088787514746313,,20.960983489476057
1.6925748621505194,0.036869478173255,0.4870827324088841,,40.554795683303276
-3.951843691427341,1.4638555476003483,0.2934633800224407,,3.7492088821444547
-0.670675032895559,1.0403065317015354,0.4867380813533282,,19.95585030925616
-0.4689167524720879,0.738028273005632,0.5518660984301246,,23.70228371830779
0.5409496770425704,0.5193686306625054,0.3987295230012998,,29.441491775071555
-2.8468016669090948,0.0639433993529906,0.7823304700404189,,16.344469699664216
-2.53302243697688,0.1088700577556407,0.7639751595298504,,17.92192828747632
-0.6092215906672064,0.3349091434630689,0.7578859251446856,,25.37723284108976
1.771923261993185,-0.323991639669303,0.5153334124218182,,35.818096260983054
0.3587345104826408,1.2535738038326012,0.2210391588302085,,27.264702951095927
-3.400060800876035,1.940593470455564,0.1236079360743948,,7.62859642430055
-5.070655872414663,2.397203224980821,-0.1658544051753884,,2.863639998716124
-2.712838992478442,0.9574588696792276,0.4297313188916352,,13.486445320593704
-3.1921403935827795,1.6539163683340476,0.1833322820478677,,6.99889683490748
-4.026208583633324,1.0200040543368731,0.2017750549112631,,3.7492088821444547
-1.087048801264204,0.5503566084250001,0.4824740027814117,,18.418527800505192
-3.1515572354079446,0.9045124381215328,0.3508253488466756,,8.838804025487347
0.0726991341856238,-0.3474234585366828,0.4732315310246519,,30.438437803115193
0.3899804125349652,-0.2995003111258926,0.7289593411172165,,32.93066891776806
-0.6419719713509835,-1.281017979958732,0.998902928751957,,20.526324737893383
0.4572032465253305,-1.7313918893997804,0.7847534421294315,,25.176129507188808
-2.949211904083971,1.4578442585785194,0.4214563154499635,,8.790328504051324
-3.707289732732547,1.420079828956018,0.2063319987220074,,5.207695745805989
0.907991085720625,-1.1469040858483817,0.3769022630628207,,30.199760213151478
0.07167759020336,-1.6341288233692894,0.8257139998673445,,25.905124753932217
0.2584880128364391,0.6268315889286373,0.3989036058872655,,30.569715945847594
0.5311881676869792,-1.4756347230641564,0.6495771733940023,,22.513953831697183
1.1548746724492036,-0.969498273808702,0.878906813384982,,34.93269216788606
-0.2613865533102085,-1.5752558077063354,0.9568881995483014,,25.473164792448134
0.6878399093670786,-1.3944633486566325,0.841928184428398,,30.629011194221878
0.6526164080321033,-0.0098244581219068,1.129683279795736,,24.813091204868883
2.5505969038955167,0.0807216116509819,0.0755213711748201,,44.47240973857212
-0.6060346630324628,1.7271782920567886,0.220672463580358,,18.007295461664203
1.8454974045867305,0.839352861136373,-0.2030739803466555,,39.67427896331091
-0.7208560765335531,-1.3387010227739338,0.4605364743338905,,15.665642639699936
-0.4243314278834621,-0.9987554989712126,-0.0731314410942141,,13.507390997510152
-0.389577121430644,-1.500437007902556,0.7540443463322953,,20.441962964052216
-0.7097359047984445,-1.3810556870979738,0.4207318875434058,,13.597770748787568
-0.0512578646787157,-1.3404831072423065,0.5639434482619283,,25.421128253866645
-0.0726598827848257,-1.1363599667643254,0.5539434068370773,,26.36182886169981
-3.052635379151856,0.3791336211903456,-0.7382124964173653,,7.98062314161178
1.4915525814202175,0.3226692742955646,0.7596126959284196,,41.6673133261038
2.0266462164130314,-0.5374514369004798,1.0144521653592835,,37.92816236074598
-0.0235603387858149,0.249083788137755,0.8237070588745419,,32.210451524416676
1.2524119314134,-0.5813668258804814,0.795643906410308,,39.001271849810514
1.330938906796731,-0.371267358677921,0.50750965498214,,39.497131176052875
-2.763935265986809,2.242272535569167,0.6395197535516876,,14.671267513830088
-2.558989292538185,0.774818931109417,0.5160968771668498,,15.317160317821909
0.53707283144586,-0.255503786418803,0.8132972006435523,,31.481369056189997
-0.4809999251891777,0.3445680321171972,0.5535760851363923,,23.70228371830779
-2.2969304585134385,2.255699896841476,0.5944781390383976,,13.934906813989006
-1.1818328943100027,0.7336550978566417,0.6076497807594159,,19.189392599427084
-2.988369220684752,0.1846497533901996,0.6588877138238977,,9.488626710563045
-0.1279608602992449,0.0650563599011637,0.74478353639919,,32.210451524416676
0.8898712652527089,-0.3565276775077159,0.8037806339695555,,35.321747385555256
-1.434534925405881,0.93546705973552,0.3860136421475545,,18.418527800505192
-1.1220231607316806,0.6026614426642157,0.2344576252036668,,17.008969341289298
0.165488308591209,-1.9769604403936412,0.5739077729069078,,22.158567486999562
0.1245395109145333,-1.8951472992765035,0.5358349084210375,,23.857615708024152
0.7633960548341834,-0.0379622737401111,0.7141617391687539,,38.07009164836278
-0.2342774941530533,1.1563881385891717,0.645108805950063,,28.755562507333604
0.275954572911993,-1.1250542841501938,1.0889860493596866,,16.15371374614447
5.080085121916073,3.126763525810309,-0.966132520395348,,54.99758267196888
1.4270030997526058,-0.2227269200487788,0.5899051862534072,,40.87547888265057
2.1852272955142107,0.6597953762663366,0.4301543669633655,,44.38903718735776
