PC1,PC2,PC3,PC4,PC5,PC6,PC7,PC8,PC9,PC10,PC11,PC12,PC13,PC14,PC15,Li,Predicted_Li
-1.875262977912528,-0.5760266250183786,-0.8806340951722197,0.2659888880261136,0.445801928814486,0.3826676980588823,-0.1034042765469233,0.462297269829776,0.4915977335063646,0.1682476212187022,-0.9420193891731976,0.3045497973471959,-0.1770276879946783,0.00993803179022,0.0032245925395581,,1.7862308
-1.632470148197695,0.5420405844272653,0.1837145034753042,0.4155667483890783,-1.6514316499663098,-0.5199918685175531,-0.0854176045760514,-0.1198325320195526,0.5579106602242744,-0.2966703129268337,-0.1649510112414187,0.138588590660913,-0.0320731253009606,-0.0037095258098301,0.0065993184058373,,1.9632729
-2.45755259869068,0.1441465625467248,-0.048786294743809,1.5126817459680284,-2.1444960616867834,-0.3881529812204954,0.9578196185887852,-0.3127910739264268,0.7834986627699266,0.0775487846228545,-1.1420067426674156,-0.3419419913497512,0.142934840237065,0.0015375907925485,0.0183080496287822,,2.8902204
2.0385597341270785,-0.6042557690309683,-1.0029802248989943,-0.0547785374479675,0.3347496301531185,-0.0722641791070856,-0.1884976383657988,-0.2330148088569873,0.1218416470878348,0.1325344482703722,-0.2790455249049253,0.4133225513485252,-0.1201030222930378,0.1098811909339866,0.0843517749527142,,13.655568
3.609243705674644,-0.9399832891713324,2.8750783087488325,0.5792367885751619,2.2684432205027023,-1.0336586112844806,1.998848156118833,1.0006281245236637,0.7057645099212986,-0.2184163176436865,-0.8592079304936202,-0.1218242427239222,0.5992714826874893,-0.1581976034519892,-0.2584632948134411,,13.2488985
1.2046684900491185,-0.4049954053338294,-0.8507886763607739,-0.0103683938804966,0.5633855669810931,-0.2293635735580597,-0.1053735539503844,-0.7683212194174905,-0.0731197946498551,1.282228252237667,0.2176576631622092,0.6091588623268602,0.0488121987990037,-0.1501670914511989,-0.1804593582723369,,8.318883
3.2495855773170272,-1.007261332406619,2.874543845714573,-1.112246301741541,-0.1637240288001429,-0.8779765745986345,-0.6378796972639138,0.8684401119259575,-0.1301816858008386,0.2572126357952587,-0.6519449490772916,-0.1221090407972699,-0.1067916379315608,0.0066000579918474,0.0107140670687621,,7.6455464
3.3823607687519344,0.1949971499006742,3.3043780868043964,-0.2276191664481637,-0.5769348389595134,-0.7649927264527259,-1.0624358453617746,1.2390278404686623,-0.5328519930114696,-0.2935427175791631,-0.2200989914059891,-0.5255473528443496,-0.2599656304096996,0.0066491323124955,0.0179180547477514,,12.215449
4.511404720728227,2.529472242645109,-0.9765831034474284,0.5726799120034639,-0.2544652441664445,0.2461816001696748,-1.0753596268160988,0.8117065430683357,0.475718591294843,0.5700954410433545,0.794014206660686,-1.3569024744495457,0.0715088847943394,0.6784541406101442,-0.0385103973043914,,35.661457
-0.5088001233908421,-0.2724452273041523,-0.8754098955825006,-1.4159843778761667,1.0165626048118948,-0.4420970158944816,0.3339088422668837,-0.0414282591786163,0.2081061687390965,0.8349868998002042,-0.03779084957325,0.2241585311348635,-0.340491714030173,-0.0095131700752559,-0.0040512122066782,,6.2844505
3.284002766548256,-1.0366482231514005,0.8165340779148209,0.2720591113449078,-1.374273951748401,-0.0453716902790869,-0.4966715452523515,-0.1452514720683192,-0.13191820929568,0.1424583001451689,1.3685724502211507,0.4249792986499573,0.0597838398121305,0.0062046936215119,-0.0059139456901606,,13.693877
2.451076197330145,-0.3777020123023589,-0.8556880155062121,1.110255474044656,-0.0223909577215033,0.4537602788571288,-0.900018656053126,-0.1272007133588462,-0.5859005182470327,-1.0750717848981282,0.1387658695915411,-0.0291787313770291,-0.5725171811377769,0.0106935206541925,0.0034220418307779,,20.689041
1.8955894141700147,-0.3643449654116298,-1.1312597512719915,0.2818037825401884,0.2296812190278864,0.1672186951534082,-0.2671264190594503,-0.02915784740685,0.2601744989913931,0.1229423529663606,-0.4205947604870625,-0.0189546579100776,-0.1167465640665841,0.0196053283683737,-0.0014759528194853,,14.0007925
2.4679592663261816,-0.2112204059987779,-0.7469498843176556,0.8485187620294188,-0.0377389579488722,0.2900210864683744,-0.6285362559990963,-0.0253076213484512,-0.5998379641260075,-0.9453738035336025,0.3800195252875666,-5.7549445486083865e-06,-0.5644521581465765,0.0007255276320678,-0.0015923739990963,,20.978699
4.368170973834104,1.5785782023832085,-1.5653762481737792,1.533072358905477,0.6620698589672378,0.8291786486383455,-1.4762627620180653,-0.0552504898265615,0.1975587561759812,2.097835848619608,0.4613367629731604,-1.1848626788124408,1.0593802990171783,-0.032063197395235,0.006336004515326,,30.777767
2.374670545275517,-0.4709628567248096,-0.7650086103620348,1.0096660234473862,0.0632398534631282,0.3043718536748844,-0.7467449775469468,-0.2188029302070153,-0.7692380556477451,-1.066141356871188,0.2879834768220438,0.2870873194539101,-0.5024846030783799,0.0109516279296324,0.0011725795614314,,20.194809
0.3611578992636512,0.7835006138657706,3.0665595850982674,-2.9548383169316006,0.105885174481817,1.5474764746843062,0.5857911043609871,-0.8785455683895097,-0.2115816581529849,0.4751124576202665,-1.2712889072540705,0.2705179196330532,0.1817046848679417,0.2048661936882209,-0.0130720272341725,,13.6298
2.8801765014630507,-0.7204356195287509,-0.8198431066501946,0.2554343406797366,-0.0869963150854026,-0.1110319563226492,-0.2365414446453458,-0.475720950168677,-0.0811719170838809,-0.3542448435393256,0.0496196842500424,0.3683687022379921,-0.3667315671526881,0.0076577324895879,-0.0085686638762487,,18.2864
3.006248413573643,1.872897468437401,0.7560862929635986,-0.0094417720060272,-1.9816443845943128,-1.6569592722851565,0.120363904690608,-1.1051559356945524,0.7848956702463842,0.4855704162073863,0.4314229323223819,-0.8911556862228462,0.1917356539713401,-0.0366942391942511,0.0144643648714379,,18.388758
2.9782869627284927,-1.2386917528614965,4.472787358588618,-0.2936624507731215,-0.4004689685520128,-0.4812077169670343,-1.5979633292692947,1.390908708539711,-1.1858503081001563,0.2634197354486071,-0.8276313958612566,-0.5010607850994324,-0.1853537743737877,0.0048637474021205,0.0024535710129106,,4.9517555
1.638868518849947,-0.1198255392280216,-1.0381466331331552,2.13369229946534,-0.137875143278222,0.4206020313808577,0.1136340606416599,-0.4923401041606903,-0.4757358327383486,1.0942321366607903,-0.3368610643997085,0.283773487689592,-0.7185210820481638,-0.0046733144865671,0.0056065339181884,,13.750405
-4.092515249852894,-0.3844270044083359,-0.0176652000649668,0.0960259815965527,1.0393334787025708,0.5706346313086107,-0.4995235273823224,0.2421583033301544,-0.9989051549697864,0.5618101111376504,1.127870234469525,0.1773268026743708,-0.2295983933922532,0.00905957475898,-0.0081060390986132,,1.6422044
3.493701922962422,-0.0632098587141677,-0.8356015444329155,1.4458688086708034,-1.6499835097524311,0.0953337902067793,3.3440982463220497,1.4347298007734022,0.4838742138327502,1.3214650383356952,0.0754697943337856,-0.2164616506859046,-1.1295963246968037,-0.0382141345787724,0.0072856711419543,,26.023724
-3.1259059251436114,-0.4900984083919066,0.521798609082533,-1.2097789292280323,0.1890571618071626,-0.3173046443973297,-0.0683306507453309,0.159573298840205,0.457060352316151,0.1563534774429222,0.5251610651532835,-0.0095632081213205,-0.0352920651418063,0.0213227803936123,-0.0075297775322795,,0.3519845
-3.15707018466716,-0.3598831223240906,-0.1569101956007292,0.7063203217385269,-0.5492200070055413,0.5279024781609996,-0.0998765986858045,0.7069390840925504,0.4382897420508004,0.0442316980614344,-0.2343652143220459,0.0441082296266329,0.1217383205023752,0.0055132846132648,-0.0088395088775751,,0.790754
-0.2467718716012162,-0.2761626169336797,-0.9799250743967424,-0.5695661130945199,1.1853920481884834,-0.2071001713138483,-0.2131656415602882,-0.3517149653337037,-0.3166239982952273,0.2099302865196376,-0.1680297419926761,0.0960144258301243,-0.0946745058955892,0.0024280677930214,-0.0053506943989894,,7.6359434
2.493415400599471,12.810924925365846,-0.8966196448477263,-0.1275406838106112,0.0736129013399732,-3.608685039544546,-0.8917924892774536,3.811226183976069,-0.9240927132548696,-0.9783525631616278,0.2802725099456953,3.641550669074362,0.6903356626507782,-0.0188247901825581,0.0230947929150762,,79.49089
-2.1066068272257925,8.518443600282609,2.4753880115363147,1.216294912127992,-1.9138543295220103,-4.668173473762177,0.876345016932797,-1.2825903213339864,-0.4284325443373034,-0.7094155515250664,-0.6299604567111255,-0.1379999136776061,-0.3320380600147287,-0.0313460474752499,0.0469331897593566,,27.474129
-2.812649695299216,0.4163226440981228,0.2897147977669725,0.3015665857197327,-1.2931974845575454,-0.2658089876010606,-0.0597804987748583,-0.0311384178233932,0.3881503558903396,0.1364979411996901,0.1848735669108289,-0.3022056285889398,0.2630455234982661,0.0009011008539365,-0.0143181232281328,,1.0197494
-0.0951354985118785,-0.0004452097670338,-0.3681924837131926,-1.8934142746517355,0.5573538258880397,0.5872585313626364,0.2173715686943775,-0.5015200402077455,0.2762932432745957,-0.405579625372878,-0.3685643464805144,-0.0378255612161678,0.1494501107897841,-0.0546795631265261,-0.0017634706087478,,12.217314
-0.1101655663879372,0.2414484232437766,-0.257574238172727,-2.119813235070566,0.4619021805273283,0.4742575631360472,0.1235644595846103,-0.4362075484869061,0.2033395675347469,-0.5867781419377578,-0.2010940645557859,-0.1541200093314796,0.1723001524490702,-0.0576406986957885,-0.003426586819734,,13.274702
-0.3747860433625345,-0.5201476496493354,-0.5646825980561668,-1.781690477953872,0.4887909251183099,-0.5959970833383739,-0.1278014713079507,0.0110817493817955,0.2178441564225816,-0.7295163732242398,-0.1172024240135505,-0.0923392824519781,0.2115452522964844,0.0005671251259865,-0.0087949078115626,,6.716214
0.1138054868966112,-0.3986035681444485,-0.5725201497335581,-1.623613370796696,0.4355001835932479,-0.5893622748388097,-0.2411085680026805,-0.1476890920628611,0.3873642803762364,-0.5461136717954357,-0.0898780930858524,-0.2193455833129592,0.2648497966550737,-0.0039753623341481,-0.0091907891107156,,6.970095
-3.026847116884788,-0.6207664057572594,-0.5521605359098728,0.1977004343340475,0.1193412035360726,0.5185261794695671,0.1650083989034144,0.9500491386302417,0.2792885559623549,-0.1113599407651208,-0.5380064982055647,0.1151630651843308,0.031191884093525,0.0087744068619729,0.0003829066082243,,1.9025584
-0.3782596891199909,2.342142622617656,0.6798141439279127,-1.31347004905561,-0.0268016890587683,4.941532579697307,1.1179688699802195,-1.6895650529662969,-0.0872524501451868,0.0152581068460708,-1.11360313679436,0.84442452488862,0.154990948585306,-0.2455350961702609,0.0042907624061723,,39.015457
-0.866115679774165,-0.088438040137325,-0.5489127320130468,0.2524212994813385,0.9069458384352872,-0.0874685018826205,-0.3429553996482947,-0.5427056005818675,-0.6276278867963159,0.3583969050280138,-0.092606105802069,-0.0067502651253925,-0.5310291896938277,0.0024418088227366,-0.0054291539426548,,3.3028657
-2.9772049179310214,-0.5847235062003431,0.0757120395780998,-0.3490562752092151,0.1349990813887162,0.2715967266180237,-0.2945858054692619,0.4163869441530943,0.0657947429857414,0.1144784066245334,0.5058598960579451,0.1082288410030072,-0.1699910503471482,0.0006781822803038,-0.0063786152284087,,0.49706733
4.026336245959298,2.3972796701359766,1.8658716834683309,-1.713947587908282,-1.7525334992947874,5.193634603910199,2.027408307358513,-1.941957049144868,0.3677767892424082,-1.1067820681841232,0.2246562210164344,-0.2698674759019513,-0.5249673815576877,-0.2653625873028272,0.027237124577926,83.0,
3.571661639970216,-0.8931597546772104,0.6814271366585483,-0.3504935463933881,-1.2028094688042714,-0.2117592220640533,-0.5485497375532082,-0.0515079501514056,0.1960907316982656,0.075441114770557,1.0345018257214214,0.2124513454592929,-0.4023829772688945,-0.0073896649887497,-0.0002452636972493,,14.937319
0.3613397539733615,1.2624667486986936,2.405292736580832,4.350710688162096,2.426792117776727,-1.3576980371373684,1.0222306371706342,-2.0945292687939543,1.0643314543954157,-1.6319714150120268,-0.734727776615898,0.0369163465184246,-0.1206901203711769,0.0306332543466211,-0.0172462523482811,,11.248956
-2.7269869044354103,-0.1224586661881853,0.1660565747894855,-0.5549685222840279,-0.1507627357375709,1.0086271362661587,0.5348341263848296,-0.2329431030456314,0.1736703101217724,-0.0889890939539836,-0.2563159246652634,0.1486351245765152,0.0834422560441644,-0.0379426674681181,-0.0011155949010283,2.12,
2.3193138465380665,-1.1504415954905711,1.695983234409103,0.0563680036974413,-0.7881174258013718,-0.2370323541793363,-0.5379654382484559,0.1761306913454375,-0.1638909635114508,0.5488824880205767,0.5917873137215989,0.483513250762059,0.0903084471841438,0.018075293955113,0.0039746946410028,,6.1775036
1.8054792834883495,-1.149144871160684,3.030229362227808,0.249642807975112,-0.0456154776241573,-0.6909150951498247,-0.5975877868306673,0.1971484495631207,-0.277216971625365,0.3641017153735102,-0.6071353390800079,0.1351070209827983,0.2991251206140242,0.0588473670312668,-0.0002949779146727,,2.3375576
4.130099417152733,-1.0826916666057296,1.086903331997068,0.0026322990537686,-0.7262419557623783,-0.6158109137006743,-0.2531017230863848,-0.2799199730790818,0.0212377834478871,0.2469565535112453,-0.1737880882924997,0.3799347014377346,-0.2750540882115725,0.0133585413226205,0.0061644386503587,,15.901403
4.123375999818505,-0.742867119648585,-0.8564157688235605,0.3526846759604967,-0.9758015156507036,-0.3201587112883871,0.1707413446405392,-0.5452730367416319,0.0994545254748899,-0.2206173987161601,0.0364324694525319,0.1952638545164394,0.5671987105187603,0.0088026516803732,0.1434515716087279,,23.918953
5.024152869019481,0.5621215148874561,2.0213393026267075,2.702460978589866,2.420255548742488,-0.174689074478293,-1.320026783164602,-0.7999050488503369,3.068898754312728,-2.772732726140091,-0.3688496974676103,-1.3762374739293082,-0.081175145459406,0.0130917309367349,-0.0059714115578802,,26.602089
6.544315232910781,-0.3771603615446423,-0.3748021371241954,1.1455685494602068,1.215614157404502,-1.511541973265754,10.821502647441998,3.0881537931061027,-2.844851734081059,-0.0526137070785777,1.8408650386541472,-0.8599310030291987,0.3984562851317569,0.0128927836144193,-0.0062294260838492,,74.57898
4.985657765182198,-0.9332249910336488,-1.0580146966289918,0.80961098782628,-0.9416154514390188,-0.098157794400008,-0.0319467065838559,-0.6784157143885373,0.44326816149233,0.8670988512243336,-0.1543648662353777,0.9454880153181138,0.2787032498864107,0.0346229431377242,-0.0045929042917018,,24.835503
4.552354902243495,-1.1046505520843402,-0.9349501370746348,0.4613650960467194,-0.8157681860269349,-0.2339498595795264,0.2141235934434737,-0.565964445787534,0.1359261914544984,0.1473486180178094,0.064938260239373,0.9299683691847396,0.2088785829556896,0.0174622463620025,-0.0032831692082579,,24.260223
5.4451324372216,-0.4710765301248729,-1.1699998303455963,1.404487127642586,-0.7819717176803743,-0.1584262092636732,0.2982497676251333,-0.8403149812568735,0.0435582890807294,1.369191330160806,-0.2329775777342368,0.6373670501427362,0.618830846373639,0.0600456119639106,-0.0106143271551592,,29.299835
3.428680037857311,-0.0594473146715184,-1.398598842704202,0.6383550715561167,0.6919697256444823,-0.0926072918052448,0.0067465536611938,-0.606753853033099,-0.060828573812295,1.0574117550077435,-0.2869244163462208,0.5474702610496275,-0.7467922414270582,0.0110923447408347,-0.0018843958445377,,22.918304
2.2010016651542763,-1.3208083371086463,0.2917610976786715,0.2065304948072605,-1.0513937000773503,0.0736535143518589,-0.1629542251811042,0.2285809629906664,0.1778763980778329,-1.0458777642562835,0.8060398559142871,0.560553928364359,0.0783824378187772,0.0154929169880828,-0.0060754819508005,,10.933403
2.085443171326226,-0.741683024573987,-0.7679413432274415,1.136065845454998,-0.9262841232792672,0.6480536645889681,-0.3886455083234518,0.4874061701649334,0.0312165913898746,-0.5114130741037496,0.0583350126880583,0.0618425580118001,0.6662184411084,0.0229967169952718,0.004102369710588,,14.140537
5.472729881955191,-0.7744290571588909,-1.5455358136372133,1.7232255307915654,-0.5954321948768518,-0.2448921963446612,0.3813724940049517,-1.1671825756288174,-0.3971110339963721,0.273128843101781,-0.7685535477277279,0.8672026778061165,-0.1242749699861371,0.0716556126253661,-0.0086561604106218,,33.088535
1.6863845684619538,1.2332146509973108,1.512024507568848,-2.5237301474515426,-0.0347886763029643,0.9973411775302534,0.4930942814229399,-0.020983970002225,0.6603844734313191,0.1038843500052277,-0.3014288448069506,0.9193368424431092,0.2457553532620746,-0.1141004589836103,0.0036383612189017,,20.56892
-2.394183954714754,-0.179931965135347,-1.003902023711539,0.1552433681088949,1.459480438355209,0.2907093350290255,-0.5190852411033984,0.0196982993537708,-0.6098028026162238,0.0226836923712778,-0.49058841698215,0.0866442873978488,-0.0449414168150218,0.0191909653480593,0.0006273981330138,,5.1160088
-1.587220574896991,-0.02468618461413,0.2057986768580573,-1.7481611896986384,-0.2799075296864851,-1.1513984476589114,0.2437846827565036,-0.7340327398429687,0.7804403811973716,0.4968968594043439,0.3177308609764785,-0.073554926974309,0.0380076609646579,-0.0186307605215269,-0.0001508849086053,,1.0599627
2.907495488519269,-0.630176033056776,-1.0932122003611866,0.2145961964363,-0.2064455721801938,-0.3917246506987152,0.2941782023586715,-0.4555930904670714,-0.0624732049792379,-0.483634951850141,-0.5312739879882948,0.3630050840609797,0.0427805532442055,0.022740989576518,-0.009268337956876,,20.464981
-3.0992349390685927,0.7404006278518069,0.7251013217922881,-0.3524809590325519,-1.7075990477536418,-1.7501184577757487,0.5068334110370314,-1.99923182091581,0.2477062524037392,0.2564440326692841,0.0018102784441461,-0.6578614172105226,0.0872279473138818,0.0065752189475322,0.05520031405556,,2.4396641
-1.2503325848696385,-0.5707248600228378,-0.7414809316833284,-0.1898219190563904,0.6565245047731576,0.2004967951665635,-0.1656584458178563,0.2766761831163838,-0.1381132976683171,-0.2159398651526843,-0.191063846585809,0.0977161082771105,0.044103713866859,0.0118676917054806,0.0028509048292641,,3.5044844
-1.3512673643134858,-0.2363908951521404,-0.4320778215719265,3.357958958984576,-0.0200932954771096,1.7046629628651246,-1.191976775347512,0.4611819593855922,-1.4754039050761203,-0.2432961744567782,0.65661808228975,-0.0665556445118588,0.2032233807881864,0.0956207533769637,0.0901487229538961,,8.08313
-2.003662682632353,-0.2053744102450271,-0.4539139024536907,-0.3507248685191182,0.57783534813819,0.2341787714432472,-0.4794453081694199,0.3983439544440072,-0.247370785936796,-0.1709564601834969,0.2053642754534367,-0.1069030669882676,-0.0100684933536877,0.0054654495415614,0.003767085367987,,2.8290823
-0.9689681969186228,-0.2030113041629234,-0.7283350902602973,-0.3669550221966472,0.6891585002532383,-0.1969584564207541,-0.1905737085243519,-0.2883138225149541,-0.1442232640552208,-0.1551788522079858,-0.2668697573457529,-0.2605511531480298,0.0727792389904182,0.0073222812416263,0.0103852443214102,,3.7893338
-1.7795970466950009,-0.4823164001117678,-0.1055411563624668,0.8599156252392691,0.1384554327218288,0.7167079862692725,-0.7535212053966173,0.3465924300935863,-0.8590135688053234,-0.3133819344899987,0.9721585691742488,0.2134431253117006,0.150120500536662,0.0234040344431188,0.002004284990158,,2.1134489
1.918892941465813,-0.8193999463763644,-0.8447245942445477,0.1890052736028019,0.0125126871701502,-0.1273356010816179,-0.6514824409305102,-0.7037947589965378,0.0446099321686307,-0.4808477329482412,-0.2949688998860959,0.4684925011300525,-0.1233237955311287,-0.0432771220981208,-0.1491839285791175,,12.605689
-3.0721100127872627,0.0278762459161949,0.2133955761984402,0.0752008719870779,-0.5852007131487467,-0.6608435604190397,0.2417453075333398,-0.8732423978782479,-0.0620608350737649,-0.0201979022007432,0.0155225933675776,-0.3255936955703982,-0.006370511705516,0.0112396951940606,-0.0180170288910275,,1.1194029
-2.2377910421219056,0.3741973090875216,0.0133887160025086,0.3221668318675665,-1.1315394434538917,-1.2135855189929683,0.5256033173480893,-1.4343329552548147,-0.0492841852791459,-0.2953523717381047,-0.6439225100349852,-0.3739210794932805,0.2268547593742755,0.0210200636993952,-0.0225616588864631,,2.7402387
-3.692973789704273,0.3932464092481393,0.437157468190829,0.207702182010875,-1.193405184061441,-1.4194007387165009,0.6571273035685721,-1.983702101774008,0.0287594623450896,0.1610597566757593,-0.4060725124377199,-0.7536853816818374,0.0621796107414898,0.0157432093812986,-0.0275933113034576,,2.1799946
-2.8063191515669828,0.1368822999510591,0.7117558855568927,1.0689628127401585,-1.4957100526173477,-0.5061488727560282,-0.0450607652980485,-1.075355291968345,-0.2564635081163599,-0.2229561106517998,0.506891667134049,-0.3594381626856968,0.3165120687681712,0.0224077169025303,-0.0232224395061183,,2.4350448
-3.052810307719076,-0.4101455801117794,-0.59552943795799,1.7792146068961838,-0.3466717074826485,1.007074035560984,0.1007225075219677,1.0699902539455388,0.2241712825509088,-0.0163707346688911,-0.8515119524134975,0.0740428790970976,0.0144679455402757,0.015537661992722,0.0030940247225012,,2.169718
2.4495142841398163,-0.8649098432651455,0.6160172485004587,-0.4536766785512671,-0.9061781691399204,-0.5385382464489141,0.3457038912822364,-0.1699613424659585,0.8694370431651406,0.6734933860377892,0.6410505286255418,0.5264639963860902,-0.214707574302669,-0.0138276873007179,-0.008252148470129,,8.414927
-1.595459650454624,-0.0797320642054122,-0.3853416838264775,-0.7875253042360059,0.6026568573564444,-0.463612282404047,0.0598316381217807,-0.4094320787933987,-0.2574750518220071,0.2319482909997126,0.0576335053037162,-0.2407770222625249,-0.4577576167382399,-0.006282151871218,-0.0096389508575999,,2.1705935
-0.4651881101769615,0.1136738082213024,-0.236123476946643,-2.052925092768801,0.5330416745502704,0.4991306445564649,0.1378234344157642,-0.3390660685918273,0.2964263137591458,-0.2188166758302064,-0.1141891653109191,-0.1700874849094975,0.235946833003465,-0.0549800567726809,-0.003208446418064,,9.989242
-0.0784595195617534,-0.4848265076953894,-0.8157652578967266,-0.7621835797201639,0.7930311212974773,-0.2358282830463703,-0.3532741966816895,-0.1948450207343628,-0.3094904648164434,-0.6941212711907492,-0.1388129823340499,-0.1139273445193139,0.291073848869901,0.0119696384024426,-0.0078776620191323,,8.477399
-0.5950016406296565,-0.4644819752661995,-0.5135349006216658,-1.6903469345428022,0.2675841542200389,-0.4429267509412823,-0.1627275159021272,0.175483863664301,0.5024389927545555,-0.4941547985390793,-0.0362413157712573,-0.1690748152315852,0.2121396128850873,-0.0061905503857397,-0.0078407437955568,,4.7950726
-0.385847997180301,-0.5566502237743817,-0.9306864228058176,-1.0854377551769518,0.833736728462552,-0.5760350414899856,-0.0278870603896228,-0.4262100210544765,-0.1666876893729972,-0.9129720142529488,-0.6819371818064339,-0.1496666459001661,-0.0230406445931995,0.0116038143264879,-0.0072113042317508,,8.334404
-0.1960935370388922,-0.0240189251860613,0.4308038820059757,-2.6930131117154894,-0.0590498515960299,0.348134098901945,0.0334630113210666,-0.1341408590855105,0.2698768888001311,-0.4175606694870951,-0.0669628772363259,-0.1350061480825009,0.2460664973078148,-0.0581769852451788,-0.0022707492798881,,8.950089
-2.572659416308322,0.0669980091809225,-0.3050213809380012,-1.0424023170334151,0.4551267386912242,-0.7963884128363111,0.1687364545765816,-0.5625490637232394,-0.0015285125000765,0.1540923498189197,-0.1901946729517863,-0.0299335879666172,-0.0203246685793538,0.0025395734317918,-0.0142278595014491,,1.7441376
-0.1385298763636331,-0.0976691572140342,-0.1297828407321302,-2.0890868872419697,0.3659888212106035,-0.1132245375471325,-0.1461319768314699,-0.1167243686022117,0.2412943862907578,-0.4603646140776342,-0.108915792499027,-0.3252042048491166,0.2183445017799511,-0.0314597074798531,-0.0053714423035719,,7.9519773
-0.1193326141747996,-0.3962885449872007,-0.7068767532982655,-0.712395024778476,0.5895755005631531,-0.1664145695525181,-0.387040663997559,-0.0578295024665056,-0.2438145233736876,-0.727682081958655,-0.0039309855915279,-0.206938778739696,0.1685287655301923,0.0068726584374313,-0.0072805974297689,,7.8685007
-0.7080027573251443,-0.4596303965177997,-0.6794769266817658,-0.9161740523489188,0.425699266064701,-0.225815543634877,-0.1916751065697091,0.0396258303237684,-0.053110004754094,-0.6655255854412313,-0.1781611486560966,-0.2359433437293589,0.0769917781051651,0.004352358749953,-0.0066732095182274,,5.3816366
0.0295628393649601,-0.366443603111407,-0.7467540159246896,-0.4379921312249398,0.6199284526350959,-0.1145225788087272,-0.3986415419183551,-0.1870056948336947,-0.3982809964110005,-0.6109195668526027,0.0236443186207723,-0.2787126967945033,0.2849733395844114,0.0102247351865546,-0.0080685639415577,,8.29193
-0.0890800629413307,-0.693666459965035,-0.823459670641019,-0.2790774593536786,0.6733243940085529,-0.1283422416695594,-0.2179645409762529,-0.1765342296223448,-0.5406105986356944,-0.7241992382031925,-0.1800019411722196,0.291928206163245,0.2528518386030098,0.0230195124315518,-0.007409831365352,,7.793091
-0.3961886667573656,-0.5499844125210842,-0.6361027066351445,-1.5557639913104675,0.5366668336585496,-0.5164453047243709,-0.1687644810152871,-0.0464799849240897,0.1095368799745157,-0.7851885625004419,-0.1639306363282101,-0.0754855433241464,0.1354523883996234,0.0030653740313982,-0.0082469049242111,,6.7585115
-0.1372857989892305,-0.4531203955688865,-0.8221010155460401,-0.8975913190051072,0.7005785579421134,-0.2768547340074129,-0.3337240536944614,-0.1419543867614823,-0.1975505917628411,-0.7312985441978116,-0.2174903885817773,-0.1470725097730701,0.1676776542222376,0.0082434433138267,-0.0070971347984105,,8.331991
-0.1482971530985454,-0.3824220938131411,-0.6844987989333405,-0.8363341460441364,0.4734592158084139,-0.2151874342741307,-0.3473188058449643,0.0165711311730771,-0.240178483424138,-0.76619484089965,0.0309099918263579,-0.1302566417517437,0.1677690556194759,0.006773706697933,-0.0076557430105777,,7.9031353
-0.0603183032861584,-0.5070362831685555,-0.6740694884399813,-0.7212276984728804,0.6461500932332384,-0.1847771282848364,-0.3194315375218676,-0.128952642854274,-0.3232234108906282,-0.6314436012118371,0.1158274904941769,-0.1220924260571542,0.294919368125848,0.0103236436085929,-0.0085822685024183,,7.511814
-0.2570727206885802,-0.5200384863909318,-0.4633562869670558,-0.3341204781022736,-0.1539663746756921,-0.0593878803206424,-0.1343368053226802,0.0746221829562465,-0.0521103450768793,-0.5400934083244201,0.0576968456225533,-0.2675024943175469,0.2178956703650602,0.0051044511684864,-0.003366409263941,,3.5254571
-0.4906034417127302,-0.6608562857570904,-0.5867653884301188,-0.5915501813094391,0.1670254714986343,-0.0887314713676952,-0.160330740574569,0.1442419489814752,-0.0843160390741743,-0.7328323296052595,-0.0500662296541864,0.0202783875455628,0.138531624227922,0.0104352288638497,-0.0063935819343711,,4.557162
0.3812171682876983,3.333135959118105,0.22597104712582,0.0632282680108146,0.0483602418705764,-0.9256395241020134,-0.7172493766712585,0.2868914702587858,0.2229595818516001,0.4399920903073213,1.1450598799582072,-0.0961943587346969,0.2490933340741081,-0.0421959965690068,-0.0211727344847668,,14.95931
-1.3786618430894957,-0.2462452918313226,-0.3854369353281061,0.9318605173328832,-0.3388955600675557,0.3055046007991671,0.1450179633634337,0.0515946816991808,0.2110067415775808,0.8926665635257529,-0.0472227716481834,0.115715529182111,-0.1340977255132401,0.0001142924570772,-0.0045048899722401,,1.0716839
-0.0495328547668026,-0.272484327959439,-0.188002774193484,1.3792307457677664,0.9898027912647854,-0.1515162707610744,0.1891892326197059,-0.9600896187527656,0.0432736120237875,0.2236496065131097,-0.0810703198578638,0.2696207251912645,-0.3281028322349576,0.0087272869200878,-0.0090490635543739,,3.6437495
-1.0336928905459348,-0.0970052440728354,0.1299171985581802,0.7724841732967186,-0.4654605442100482,0.1720656427279663,0.1648583962401261,0.1227802012510383,0.6731728668773179,1.238771827745629,0.2563082398106545,0.0576222840992459,0.1180629486779127,-0.0116151996453578,-0.0024437723113046,,0.82564384
-0.2558592488212575,-0.1570175378889228,-0.4304006478621415,0.6652265189461277,-0.1655424968929915,-0.4000435648138939,0.0552083973805627,-1.038113239764794,-0.6069426769527768,-0.0176658115475614,-0.0140368627231445,-0.0721650323816098,-0.3698809302366245,0.0125706772818273,-0.0123193271403015,,4.5549517
0.6900823812808471,-0.3019386100716871,-0.9000876944758751,1.1512771787881084,0.3036141574123744,-0.0517154806894431,0.0184333857191576,-0.8482527825232913,-0.5184852080020164,0.3346992379677067,-0.4026888474713281,0.1467123968430429,-0.2905946382913788,0.0139365215521786,-0.0059947318144966,,9.117242
0.8387805866399883,-0.3315747114459964,-0.4203574881318196,0.3925790395906443,-0.1750699358114693,-0.3119911950795206,-0.0550067782420908,-0.9537528799700584,-0.267861046696624,0.6076902390797791,0.4083799562758938,0.1769996064143213,-0.0124098314492846,0.0063551745586898,-0.0122077966949691,,6.537985
-3.253946399245854,-0.5989941515026624,0.1378044460579386,0.106208639390931,-0.5804356470522813,0.3799426018251918,0.1199258476652193,0.8642132458958864,0.8110514897009101,-0.0556156056180158,-0.064364460970651,0.0145767302168977,0.0743948770188013,0.0007635848286554,-0.0032751682316117,,0.4664541
-2.0754359928157906,-0.0510302920339101,0.1668326642181602,-0.1879344184417152,-0.7526684472910758,-0.1928829240699953,-0.1121991844412439,0.0003044752676858,0.2990660600557999,0.2518208599026613,0.3909511328248424,0.0702856850126541,-0.4254950401518107,-0.0098267135381775,-0.0141269588396135,,0.44246852
-1.891715046344895,0.3047299568003102,-0.420251256477272,0.2671689714369264,-0.0094355800847368,-0.5361436246574269,-0.3358639275850227,-0.8986260399111319,-0.1431470651009504,-0.1745395940919483,-0.5511669372340925,-0.0294754120502741,-0.4961471304750393,0.0070646106482085,-0.010102329389832,,1.5379187
0.1980816342733233,-0.1478708485873711,-1.0869684339633994,0.4611422915133084,0.3830606756558485,0.2035086372342071,-0.3067492838671726,-0.0842654046237283,0.3431528728656323,0.6532052327481298,-0.6708481544372962,0.0236176702879548,0.1411846733909149,-0.0006690280500473,-0.0012774593731553,,5.578142
4.061613323112045,-0.914696786918582,2.859974309777305,-0.7975199202561659,-0.3215392753845892,-0.7737141223512831,-0.7367620892794771,0.836669652392743,-0.1145379656597529,0.6151734816413617,-0.4316739404917219,0.1045444028353595,-0.3458365445376831,-0.0091348738818525,-0.0072905775851198,,10.898985
2.8628603472375507,-0.7316098949092923,0.754388733502615,-0.22560297955469,-1.0027612806977646,-0.0953865506502599,-0.4541954392990018,0.0755770823343543,0.3851512611060675,0.2048894407124227,1.2058985206723725,0.1581770617273135,-0.5388593879943004,-0.0196889267504395,-0.0043291073466581,,11.483204
1.923362906348124,-0.1115280153303313,-1.1045352690538512,-0.1184578175399222,0.729136353172029,-0.1775051793087896,-0.1757879798223833,-0.1633356527407403,-0.3132321814737641,-0.4849633324620502,-0.2136056473849368,0.0223092075331182,-0.4503208991415422,-0.0031619860301813,-0.0009962209518209,,19.462141
7.071471472400462,3.363801015929289,-2.8836937630251587,2.6502232407378226,1.6469190826681717,1.0083031230879012,-1.3075885822276248,-0.1011281588391498,0.5564268961923016,3.9929448612038154,-0.5623073128003836,-2.1887663797807067,1.0948878091563672,-0.0728422835450567,0.0140771888603171,,52.992504
3.5048780150996675,-0.9316221962626352,1.5479420295194368,-0.4889469440584291,0.5596115043161373,-0.8280054342664509,-0.439389964513482,-0.2734700429779252,1.1025700558825149,0.7792139746328139,-0.6905620918460927,0.5566560795642623,-0.4243208659426733,-0.0055202948108761,0.0171448599968105,,9.69534
2.323841995786303,-0.6318504764225326,-0.0292371684287767,0.3833430104154307,-1.52036710139099,0.3774205084790911,-0.545872224525282,0.6780518255427977,0.3190702975132291,-1.808129398894251,0.6751472859989107,-0.4463886126620969,-0.2606047203693274,-0.006967098277897,-0.0069502781504515,,16.59623
3.595383503409773,1.0876188823340631,-0.6860965873061876,0.5574491033747873,-0.2652752198631609,0.4941614100357878,-2.155784896052711,0.1947287617848226,0.3627101696349031,-1.0514819306309349,0.514554354248559,-1.2699429019027224,-0.2174571495455284,-0.0354512623124653,-0.0017187201417701,,27.945042
0.1739382392698456,-0.8179798331195628,0.4941953541868549,-1.838876065869574,-0.8099576454686088,-1.0386489622029105,-0.2783594677735349,-0.4940121710994035,0.7481895740330483,-0.2814137133272381,-0.0152139988918691,0.1203343415421798,0.3108362619886568,0.0031057588761036,-0.011685235652081,,2.410241
0.502496879014524,-0.2675341153892104,-0.4777772992899838,0.2431952553632192,0.4191845906870849,0.2954034105135969,-0.5044016773631422,-0.1030214209408278,-0.5399234147037179,0.4955576388361813,0.9735417214552612,0.0838706208222429,0.0588109418856928,0.0152465619857094,0.0316884572680575,,6.5941706
3.203055729753562,-0.841185874252447,4.005117777163796,-0.7580848166017952,-0.5723046192235283,-0.7271781986350805,-1.2258303284682566,1.571592276969214,-0.8819183472372357,-0.2404632934702681,-0.8698222995117179,-0.5700344996674412,-0.2051906271132756,0.0129743696790722,0.0153082067128302,,7.822045
0.0347932235794108,-0.1792998365363423,-0.2801432422435163,-1.709696220769871,0.7377733547793097,-0.6822795427732282,-0.1892338596443938,0.0335198693985106,0.5759188279002098,-0.6752185487105701,-0.0214973554660481,-0.0677968446109572,-0.2805867301713849,-0.0125986539395267,0.0010114024863727,,7.1759214
4.787196618901333,1.463161496994836,0.0632270466689501,-0.0665023101033169,-0.9942476030368824,0.4028130453713776,-1.0274701866717597,0.7102187845801822,1.545735835889003,1.1440887257649015,1.9409419437773057,-1.8079599490153215,-0.049714074834873,-0.0851719697473341,-0.0007993567033902,,25.935848
3.0022088406187644,-1.4894314528632522,3.343306146912686,-0.3429042748389009,-0.6543119524745409,-0.8109825860464823,-0.4430529630677334,0.530136830591064,-0.5637754264998757,0.5433631384791417,-0.2541744408250976,0.3532846948262094,0.0607919362725351,0.023766155522723,0.0036337631665611,,6.058623
1.0681369763555648,0.5822669664833121,-0.8507521712263731,-0.0531013314140809,0.5157390727740332,-0.0138614372453562,-0.5207760331638595,0.3547677294914019,-0.4920521162557256,-0.8295365948306476,0.1942967645374528,-0.3416595450188641,-0.2742761914976373,-0.0095503166969993,-0.0047814399018858,,18.820854
4.444313981768257,-0.6528189432888107,3.297986247514648,-0.1566021475572506,-0.5519501098784053,-0.3816727560697318,-1.2226375387892716,1.0512098414729178,-0.3210055062889784,1.140683961072721,-0.2304936118045003,-0.3842497006299686,-0.4107654442171833,-0.0114849789880856,0.0111403960271312,,12.2106285
2.912627922007806,-0.2514714155724148,-0.7077450882818185,0.8753241277853809,-0.689653599824758,0.3660738804181362,-0.4764452904479507,0.0917991379374713,0.1433436019807038,-0.3419191231214781,0.2507972995254471,-0.2546586299548402,-0.3042100613835446,-0.0089466063250626,0.0007215493601068,,18.882881
3.9672671067102896,-0.5945426697010672,-1.061896781505223,0.9749920161612352,0.0230572057932165,0.1580290653541948,-0.3542628611372118,-0.6917313854588841,-0.1892611311394582,1.1652871204509614,0.4097986105164068,0.9517906949750208,-0.0416281030694472,0.0053371095636772,7.316049315595842e-06,,21.903065
1.8722032636739945,-0.5712093709523495,-0.5320431864152149,1.3988769939136614,-1.1912800189290167,-0.0129754046278782,0.4812821707615866,-0.3811300705652773,-0.2136283633240382,0.0424648648000517,-0.0156577911681538,0.1756075437853131,0.2742467922233184,0.0618137175351757,-0.0131426623869447,,12.963492
3.0673108903689728,-0.240369879062937,-1.1992073379802854,0.5561164794707179,0.3850356494693771,0.1333264393099533,-0.6114429003230207,-0.2917335432489338,-0.132636172667399,-0.463469744387816,-0.30848784664617,0.0062317722742985,-0.5327308260550937,0.0114171411828178,0.0408191446196602,,22.978783
-1.948498246458224,0.247072882275208,0.2794662461917565,0.1005214578386404,-1.286145025153766,-0.4995289905238089,-0.0187715632170137,-0.3083203244353283,0.1440660801101874,-0.1896086010817324,0.2644442191228409,-0.1368129095741078,0.0152710556338502,0.0039391136032387,-0.0151733234626701,,1.4205786
-0.9468466649986952,-0.1657018288638981,-0.1673598999664836,0.5478520712370201,0.2798970269105155,-0.0763625929076169,-0.2932013934058878,-0.7583581540963308,-0.2702999936975362,0.6780429340703431,0.478873923078609,0.0735530341957004,-0.0629135498365957,0.0050101410066934,-0.0121521606530907,,1.0192151
-0.9739814638954256,-0.627117917799853,-0.0269146074422825,0.0271882836538383,-0.8277093957436449,-0.133239118528239,-0.1265693753852357,-0.2588964363576412,0.0026737951916727,-0.3827479682331847,0.2960685118107123,-0.0741893958170915,0.0920251724060684,0.0112337616454319,-0.0121756335133446,,1.2433401
2.5815555664765144,-0.5700626481625606,-1.1811362827318563,1.5728872063015087,-0.0663661926511507,0.5082700736042003,-0.8351422086010545,-0.4493784942651331,-0.3485679972820902,0.1184909871499741,-0.3740628718267845,0.4141945172530562,0.2735132676996074,0.0109162906269466,-0.0279271820070016,,17.477661
-0.3701735368272371,-0.3797011830005062,-0.5249302232475952,-0.0941805131273424,0.0591757902143098,0.0027795919026974,-0.1365741772638396,0.0116866635483044,-0.1431898194725097,-0.3205260374096647,0.0719128477971944,-0.190334732055336,-0.0421445071572587,0.0035190292871224,-0.0063184942295641,,3.3785498
-0.929588031712328,-0.9613029413154078,3.035520680648156,-1.294869896333117,1.2321969181896162,-0.9498535385614636,0.8488196594567122,1.6546567654409934,-0.3095873410045938,0.0590224119327056,-1.2068219358157148,-0.406094330621186,0.3853646552679748,0.0220330470929926,0.0094816483321158,,1.2844322
0.5781606223301837,-0.0911773082113992,-0.9368031430486584,0.7351861150161417,0.4251220670353915,0.0371175921356464,-0.3376693839748357,-0.5560768065042696,0.2684650177243173,0.8594732347315354,-0.579438875569876,0.1127162269509148,0.1431568300563456,0.0034819850497574,-0.0008590973149319,,6.130506
-3.104473176232882,0.4982039803961792,0.4530898321147165,1.8088828298983728,-1.900418538462608,-0.4536763178026382,1.2827402425419132,-0.6115191350260394,-0.0153414545426111,0.6839641778680733,0.0288936436180841,-0.3977790768889133,-0.2480348973468362,0.0066731728322584,-0.0188259020169197,,3.177361
-2.495776282068208,-0.6071820349791405,-0.4884297701051036,-0.0142161089485983,-0.2105485701633657,0.1296182965145985,0.6881771862865766,0.7320321075520293,0.4959875158582058,-0.1625476394054009,-0.658746520668636,-0.043252614862044,0.1163077259726947,0.0083456047086457,0.0010954442478408,,1.8622214
-2.1519555145538605,-0.5479218573098272,-0.1344279558813256,-0.899966392257136,-0.3071807887224131,-0.0468959237911971,0.1460503233822469,0.5558953518853873,0.6924389825238023,0.1569383579753898,0.0403294691857756,-0.0280450858989252,0.0333135204813343,-0.0030249909206016,0.0056079971996525,,0.75221294
-2.633835234229519,-0.3252895378509643,-0.3589419698028072,-0.2179210027586638,-0.1363754169411374,0.1653335629883558,0.2090136074875746,0.5460758061893309,0.6437865622814694,0.4220776407088266,-0.2889985097236658,-0.0863637655628749,-0.1763754281080303,-0.0082829803641292,-0.0026725890737664,,1.0080053
-2.047443589608351,2.232482824774577,0.505620648932253,0.7019464099724442,-0.76812866420388,0.1396817626259444,0.0357326474377487,-1.2244720325267713,-0.9781484264744276,-0.3955151826773617,0.2079997441557009,0.2469949088547753,0.2942832723245654,-0.0202961522705814,-0.0120313947255158,,9.361517
-2.1522445832698125,-0.5480875543895858,-0.1345821041059282,-0.8995576952264868,-0.3075541989527698,-0.046304403669234,0.146252409126739,0.556955049594978,0.6931450208981915,0.1570994737612198,0.0398628977765517,-0.0279005007081096,0.0332463052733529,-0.0030422901947596,0.0055998497609315,,0.7525787
-2.3769803339514746,-0.4762803303475174,-1.087655990036886,0.8105521249788993,0.5761991862643466,0.2743671404527039,0.7078386407340531,0.501698733230415,0.0302836512375485,-0.2327895135446974,-1.4632673277527684,-0.0256563078483961,-0.0254998143779326,0.0199126634319717,0.005044686830905,,4.399655
-2.759877426201867,0.2606280596488601,-0.1341348545532402,1.1884755299713206,-1.7240065699044151,-0.5998597263506831,0.8947511340173296,-0.5946548105826629,0.9016709530961644,0.1426473274901923,-1.3901241105065978,-0.4152172475528662,-0.0405705829638344,0.0088775345533591,-0.0113165249475634,,2.3092592
-2.209088025845412,1.045717589809002,-0.2572152285751811,1.943482552527634,-1.3608567608508615,-0.1622689947533099,0.2609646705593937,0.133754088469177,0.0672091967714236,-0.1721891121355655,-0.8282229156325177,0.3379325229447943,-0.2947945766131532,0.0081399644480482,-0.0163757465287741,,3.826666
-2.542402830174331,0.4354278818458724,0.3333065612005999,0.3463775588416781,-1.020302304245574,-0.4134579878823111,-0.0876226656217766,-0.4047605763514196,-0.0565514048465769,0.1743436150827278,0.4294179039585503,-0.0512350509732501,-0.2972136503773565,0.0002312661823373,-0.0146747361579072,,1.2417372
-2.613803226123273,3.499073288596465,-0.0685738353279942,1.2558357695736475,-1.2754192540288911,-0.3445660231230282,-0.3115662796969417,1.1052293396549426,0.5325917884771693,0.2645720750409135,-0.1942919453746215,-0.4993540669267196,-0.1357343634260946,-0.0377016116388312,-0.0124451424964532,,7.8768873
1.281345708226088,-0.3117603580304807,-1.3506450990218293,0.1324997643002842,0.4699497804225928,-0.0988015676729065,0.5389374423117599,-0.0421422315654544,0.2879733750928119,0.934191834301737,-0.7560938392756394,0.2771255456045765,0.1160619677649585,0.0023588893419948,0.0669803869058401,,11.818287
-2.763830954649924,1.5585364080905135,0.0382060852641912,1.159450841721626,-1.4564895135091631,-0.5675268125653118,0.3584619398603074,0.3748883498920317,0.5617236421294993,0.0039834678193224,-0.6465606716579901,0.5449078647376716,-0.0720370318987633,0.0005173651996984,-0.0122298386796601,,2.44022
-0.2345469595443298,0.5747264115337678,-0.4780412895145377,-0.1449979920635035,0.0692466215730263,0.2335144734841467,0.4202549437133236,1.066824618121727,-0.2896263836744854,0.1062955372044473,0.8551559399215867,-0.975915643395862,0.6330391031018787,0.0044834343959009,0.0060674714277438,,10.612245
-0.6981399442526822,-1.1752453827928744,4.692141739901045,-0.6877987187678773,0.8395511356811416,-0.6432488336473988,-1.2085643075793409,1.7065227855220029,-2.038108900588865,0.946019964220873,-1.777676246234008,-0.4630781511466555,0.1956723504308576,0.0501906820049947,0.022895694772099,1.07,
-1.6468285566569818,-0.0469715227663462,0.150289661120094,-1.672117127884457,0.1082201595467342,0.7921614945917848,0.1382557688503914,0.2025364216575717,0.0422185463499073,-0.200127441433762,0.6080939062751729,-0.2276045139754961,0.3314136830946715,-0.0438975965689267,-0.0053547056950123,6.0,
-1.535962011968674,-0.0694229643535692,-0.0166864692455112,0.2323312424164622,-0.1968853753035581,-0.5139444143767037,0.3465356121546534,-0.6432058848038538,-0.1286752206669311,-0.0795395601103148,0.0066473454820745,-0.3253946345754618,0.2167470371412697,0.0084248633641557,0.0053686529054364,2.15,
-1.6861969518520608,-0.5151036162894275,-0.3176543210044804,-1.239464323031597,0.5357592062737686,-0.1944308053381056,-0.0612368391653226,0.2687960336553586,0.1563748121951814,-0.1372782255335598,0.319813892350084,0.0645600839836001,0.1181704779151035,0.0034651679470012,-0.0045001045992289,2.15,
-1.4931927971677892,0.080917814229598,0.243409930434046,-1.7421294872827178,0.1738253053123197,0.950272493890316,-0.0313170724023881,0.0161707368609483,0.0146879342634795,-0.229191858886415,0.7091755852826731,-0.2910720095773364,0.0931798962880041,-0.0513102550136496,-0.0039126345857085,9.0,
-1.9663753818032303,-0.4802206302993588,-0.0824749811602044,-0.1158233572017973,-0.29487442584017,0.2200825635325436,0.0990144922297381,0.7167987762742966,-0.2636564476651445,-0.5235583997050917,0.5356359864428913,-0.0924086733927792,0.5500280754863153,0.0191132370620187,-0.0068673302578698,,2.252712
-2.803018378791065,-0.5407828490672768,-0.4842493108533326,1.2107928166992283,-1.250588185431539,1.315508955517655,0.6612192830268397,2.571540981034829,1.210226677911876,-0.0322261266324479,-0.7948852847056547,0.1020111379349811,0.232581426888159,0.002126583198062,0.0137926052482962,,3.4259884
-1.2684941565737806,0.2453129604394368,0.3031785980100143,-1.8427774151575296,0.1777675065485406,1.1015527206425684,0.782936221860265,0.2361677186103943,-0.216671935861611,-0.4072869223088706,0.7343199032204667,-0.3390605364480913,0.3039382038342497,-0.0513511297434931,-0.0051799472081954,10.0,
0.7735440004361728,-0.4294967440172837,-1.2263863952839702,-0.3852140756945186,0.9729795563620902,-0.2289546457948554,0.0436475163891934,-0.2698360969727792,-0.3054573897759602,0.0663023030543505,-0.4527732272887216,0.2335970241968578,0.108152854166935,0.0169712358239886,-0.0079425369971642,,12.501342
1.4958498503247186,-0.4414857751613277,-0.941423672856046,0.1885107889841885,0.4238494055696403,-0.0472116751347607,-0.1796947788199199,-0.4193980977635292,-0.4422477916099433,-0.0279431255201073,0.0363147096331187,0.0519042922070175,-0.0218825144780451,0.0145252926861812,-0.0067324474793933,,13.37547
-3.756300299679879,0.3708797194281907,0.6589699462226961,-0.9972492624368752,1.3430980705114377,2.491067371528961,0.0969168863672085,-1.0960516701495622,-1.1917725856657049,0.0883924117164468,0.6711896268951287,0.5754240628754126,-0.0830749697759595,-0.0732735182648949,0.0323824900032383,,7.974829
-4.663584370283595,-0.3606281757141797,-0.1382683501753876,-0.4200025694753247,0.678237964873659,0.3201381603506708,-0.0623732952531479,0.5705885742076311,0.0349454446080602,0.6786556318840311,0.1145761867603033,0.0958945051954691,-0.2230756549771507,-0.0106809349048766,-0.0034674773147254,,1.3284748
-0.5447452625158716,-0.6890005754515696,0.3950542778563925,-1.7900666204565088,0.2470389833347358,-0.5604422249842547,0.080913814272436,0.1372664038928188,0.3460822611510617,0.7966380850991418,0.6499792458201219,0.3149644083569418,-0.0219347044321014,0.1288868647044647,0.3484345897442316,,1.0406958
1.1263523904344817,1.7661037686553591,-0.5973834247083821,-0.9719337186392972,0.6175123499021036,0.6483807330486316,0.710790353058842,0.5983192013002505,-0.2658022004028251,-0.002946186593105,0.4022375169919268,-0.9095971329302092,-0.0195344925448823,-0.0478885054078921,0.0221037993844618,25.0,
0.8410103537577778,1.1876681215052445,-0.8784835923050819,-0.4209946532439362,0.8727296929035072,-0.139674749513773,0.3381893646902246,0.8086417152027835,-0.5685155603372487,-0.2617722880345142,0.1567180655164827,-1.3019323798126523,-0.4802612896501239,0.0027855363083228,0.0263214874709269,27.0,
-3.07194667115803,1.498574620935,0.1792254963037999,0.962842343188586,-1.2686315440465266,-0.2915509305708147,-0.0492097045623748,0.4495368817943327,0.4095853019120189,0.1024286229210745,-0.09846698857458,0.1421242124009424,0.0343831026435364,-0.0062199049901654,-0.0158749159498988,,1.8488704
-2.9017172063247987,0.0678738236833498,0.1776211658367328,0.7814362428281796,-1.3223452095751158,-0.266214874543058,0.117618510309897,-0.3673647648460112,0.268082757010826,-0.0584746151359456,-0.2183327386521779,-0.213846272496881,0.1683805509021256,-0.0055294491696628,-0.0747799362495871,,1.4206032
1.0229419665912234,-0.4068933936626964,0.1601226543723883,-1.0700396613310497,-0.1871915585599246,-0.4726435715861433,0.1720279213616846,0.5287833179420507,0.0954011209417441,-1.0846845377341985,0.3993532549160282,-0.1021889794733145,-0.2589519419263822,0.0046437203474401,0.0026322487830283,,9.7499
1.2983954200270431,1.4291485005461124,-0.6109242819069535,-0.8639136589173795,0.723629357227917,0.9406858919394502,0.7768183586751571,0.3928987528686202,-0.5068618176228543,-0.2161557775160082,0.0196753403731247,-1.522384337671426,-0.2056238277038691,-0.0735637598700713,0.0014392965364539,29.0,
0.8743905325787015,-0.3764509986087496,-0.9539522827377118,-0.3491728130245932,0.4616380754995614,-0.1428333947477781,0.2078397799084911,0.1702908873480388,-0.2877587097764946,-0.6779205863829013,-0.205955616013034,-0.165258979578927,-0.0521475681455548,0.0143595037140885,0.0036791820284162,,14.016871
4.4329092226207205,-0.7365718514249556,-1.1503139079076,1.4274151084116378,-1.064114606930796,0.0980231296563754,0.2193420923294288,-0.323822320454329,0.110269175261676,-0.1508299351646545,-0.5752763378122856,0.3147052147715466,-0.0561084520003028,0.0345287317002963,-0.0025899183706196,,26.304298
-0.3064070873628141,0.0616345450911584,1.420391783425984,-0.621561079564059,1.4751350539448072,1.047504405127076,-0.0205424742773341,-0.3021442903188055,-0.7304143055583309,-0.049805262455719,-0.4199289149376048,0.118849499150817,-0.0915003895573433,-0.0332156603786294,0.0117765784687133,3.26,
-0.6843490080572388,-0.2664947343366906,-0.7836837225018234,-0.4307576725195419,0.8129420294313209,0.0089565205825527,-0.5116358291506601,0.03134683352673,-0.2726923569278657,-0.5197571485834327,-0.1235428074326486,-0.0489441764863162,-0.1385074491615097,0.0131097461078838,0.0023583150903688,,6.282115
-1.548809451120853,1.106177993145518,0.2505423117019545,0.1153829361756292,-1.234972852833578,1.2762110050661473,1.1598336774842513,-1.5515827259238553,0.3595022840407581,-0.4511223927994564,-1.5223589090679783,-0.2412181579553613,0.2890358611607098,-0.0696297977829825,0.0018378495534609,,10.46314
-0.1087648049706359,0.0802199778674612,0.4888385899727424,-1.5988874797812895,-1.2206514301192108,1.184185881932433,0.4872134062781442,-0.4466607831548354,0.5937784486686055,-0.3339660110767306,0.1826140913767333,0.1125058749728562,0.1016734290196062,-0.061974210927763,0.0147130143821239,5.54,
-3.289632892502192,2.0099245135765824,0.9074553041348372,0.9747035310786294,-0.5088009413724651,-1.3664629230266043,0.0469425964455148,-1.208924535913411,-0.4357987555966113,0.0681739990107059,0.3720522834180605,0.2255176985288939,-0.0575111820398673,0.0153430682789292,-0.0243396399411424,,3.1738093
-0.9571187087275472,3.1701768291215173,-1.1611216078508648,2.3560752317097413,0.998891914418479,0.1965141437947714,-1.2126818811592732,0.8621746562560214,-1.3550545928279814,-0.3347928818047798,-0.4779548681966098,0.8036903901910741,-0.0689318272879142,0.0167487576414467,-0.0066759033484931,,21.68525
2.091450698839139,-0.5822345887633555,-0.5468861875522742,1.1346001614502668,-1.702392511046159,0.1836584114312565,0.0010331819182635,0.5480155702662471,0.0263184697621031,-2.0532055380496264,-0.5784191996000059,-0.1581291944002957,0.0347302820863146,0.1455352585988268,-0.014374021355339,,19.011541
2.140683890056982,0.6305177141740473,0.3037132908209096,-0.5016759119111673,-0.4671044540248401,2.1458912294489445,0.3873319675707738,-0.7215799308258483,-0.2580544938246742,-0.6188245984110999,0.4610399955023672,0.1476230156357088,0.0543927643739349,-0.106618978569609,0.001732901857137,36.89,
4.130457521129324,-1.0266387478687071,1.6821880385669734,0.5751906193366856,-1.8999074457615597,-0.5226221363540923,-0.4288839555064095,-0.1696764977542982,0.1911891122345873,-0.3198759489974871,0.0436471608770604,0.0087193098395595,0.0503436909093931,0.02947174841841,0.0033850869100341,,16.602991
2.124814096426669,-0.4767132379662447,0.2079549102911588,-0.5348254230363789,-0.8615722670322455,-0.2670586779582629,0.3814447412370345,0.3637607210627567,0.7964529034713331,0.103933578579845,0.8886682588012912,0.0235430533404714,-0.0775387235003341,-0.0127378887391387,0.0139542160683817,,9.751186
-0.4097955127961389,2.5716446328991203,-0.7877015495185102,-1.5232031411863862,1.478641251433813,-0.7873404685365393,-0.6575877108336893,0.7879334576957828,0.3869849017299651,0.1758324116781772,0.1162170736716228,-0.2471876570756658,0.0875380010971082,-0.0472929584643256,-0.015717202826724,,19.276154
0.2765069879624427,-0.1346737304521954,-0.9316361773525104,-0.3749803656229696,0.8849348786417143,-0.3975308085213833,-0.198084150186195,-0.6992624922860974,-0.136559535687381,0.2290653675898402,-0.3064726444692374,-0.0954081432869998,0.1407767756767225,0.0199297210754232,0.032678005435371,,7.849365
1.8607196517834832,-0.7947901214453834,-1.0880377264950625,-0.0772441731024364,0.4045195330410316,-0.1309963221492528,-0.3413147604663655,-0.4374934207913379,0.0127789117687579,-0.0833468064433899,-0.3585571778481495,0.5308202433585845,0.5531769652528384,0.01794535486232,-0.0071901366512894,,12.900204
-1.3723186663613882,-0.3663722314267473,-0.3611197097270599,0.4984970797618529,0.2364307732567173,0.0304268328292857,-0.3463124469000378,-0.5131570473265984,-0.5542228183616238,-0.0832424317175047,0.1345717173510223,-0.05945049541202,0.0069728136718071,0.0167645216096074,-0.0096701057948526,,1.5462788
-1.1878182504276211,0.1909502359751589,2.8125722838892493,-2.0143806818360708,-0.1898602892019442,-0.9645942322163956,0.5886490976281146,-0.6991231625468526,-0.0418822788821849,0.9794243237190998,-1.1839712441433703,-0.0603443433804221,0.2923943123009753,-0.0281383409257598,0.0190700571646333,4.31,
-1.3449699938754551,-0.2041084926579252,0.1217273612419698,-1.879223126893368,0.6342959082946475,-0.6131713353647519,0.2100092628245508,0.2098166097993702,0.1566194297846311,0.5429713212391701,0.3460695954014806,-0.2947255308508477,-0.234549401131056,-0.0117068424326116,0.0019713945542582,,2.3518531
-0.2540789141152727,-0.8936843446828873,0.2376911397931337,0.9121506352507348,-0.5373464248912787,0.6544787570061172,-0.2760290953872219,0.8301377461466884,0.2346097876038718,-0.3933765356827744,0.3997092882039676,0.2943632592267856,0.3476889569574448,0.0213272014434115,-0.002523540899783,,1.4651102
0.1473664184486076,-0.4681652788835253,3.115294914864174,-1.401159514115593,0.4955586458419829,-0.0018657468066371,-0.4581447012133695,1.2498823218779094,-0.3324423782669325,0.572281380678084,-1.520154001699308,-0.3062361378747384,0.2480035853514862,-0.0026033882321603,0.0192889146219965,2.19,
0.5871445962229391,-0.0103967884425744,-0.5761859054093388,-0.7109516767327294,-0.0607759650902462,0.5639784944181744,0.2445204585655392,-0.227283414305336,0.6644171973215439,0.1643246665275095,-0.5099478237524128,-0.0168918373838575,0.4760873693128933,-0.0296590482307968,0.0109849577100081,6.66,
-0.697618356654145,-0.475812806192833,-0.457086640236583,0.6894512755641924,-0.1471244300559614,-0.104272212513208,-0.1804677912722343,-0.6266146559132768,-0.3937812431819704,-0.3686532603021105,-0.2329103293776841,-0.0060333179424599,0.1473895432532803,0.0225299296964459,-0.012037740130119,,2.5805085
0.935062278041466,-0.2138125140556267,-0.7833188071295335,0.1605069317261571,0.4658307540250161,0.0786968827185124,-0.2768628053085324,0.0317256582434283,-0.7282611275859603,-0.7650845116257384,0.2654354460679527,-0.1944049815153476,-0.0991834216575137,0.0041259633286253,-0.0133204963153911,,14.76028
0.8043912962740677,-0.7633718757805852,0.3421904201580943,-1.4033851313899612,0.0613961217809337,-0.4731727099445113,-0.3130192807565338,0.1335513574996053,0.4714197052996446,0.1387932969496106,0.3074722421677799,0.2414824627863029,0.0878109635356341,-0.0060930495744644,-0.0051579895390081,,2.798094
2.0357755568403357,-1.3230714453544534,0.3882952569962013,-0.6602475638278434,-1.0763313637905505,-0.1822004362874997,-0.2166387690377445,0.2398104283240132,0.8383606267045252,-0.6753405763339145,0.6727920976611182,0.5580369180844001,0.1936961950424179,0.0039286009126963,-0.0032623145677028,,7.6341176
0.9537983597927716,-0.8461636022347108,-0.6723102696385385,-0.0054325761368329,0.4852124229056391,-0.0682844788396457,-0.1533916489142207,-0.2248673767081797,-0.320002418374958,-0.803702806991993,-0.0012128904855911,0.3827851836722603,-0.2996641081501154,0.0123124244641546,-0.0067665783287425,,10.352976
1.183818039311687,-0.7993892267373683,-0.8320671932086612,-0.5216232604851389,0.5202951856392439,-0.2734939825113286,-0.1007781200680447,-0.3721994706556323,-0.1070842560230889,-0.1914925368529756,-0.0349606668780124,0.4926613105637347,-0.048020102151293,0.0100939669454028,-0.0032077626607874,,9.987628
0.8196095612083194,0.1492519793867925,-1.0572270458550808,-0.1176090594904936,0.9508636869724192,-0.185781597059878,0.2136501692439057,0.1916494320441633,-0.7741950782317198,-0.5412566849305771,-0.0456402438846239,-0.0495865328983758,-0.0614443428452717,0.0042605405581284,-0.0060220766334157,,18.495285
-2.6331070560130097,-0.78244931882158,0.0173663299476761,0.2626339827753953,-0.3476740957114964,0.6286216627788668,0.2093100184521435,1.194940677746535,0.7386063081090632,-0.0424515769598883,0.0588891911992015,0.1792017410502885,0.0745371105891881,-0.0006344725481355,-0.0034620268887502,,0.64263076
-2.821545628241028,-0.7386007284120325,-0.1511287690273991,0.1759304602673246,-0.4621736539174057,0.5951431974673191,0.142878968658064,1.117285261438205,0.6039791877033127,0.0614720293406405,-0.0975148345090104,0.1811426530939945,0.0004704301155525,0.0029308435948942,0.0030839159966245,,0.77849346
-1.9440986175495183,1.3468869804551544,-0.1932695544093612,0.2008698372826755,-0.3062952849354045,-0.617388952202773,0.0573335160857231,0.4467818674941215,-0.0838409376506393,-0.1241788280519002,-0.1852790882660297,0.8631189429332006,-0.3157588946979185,-0.0008568786797872,-0.0095851437344309,,4.369588
-2.2569424899331727,-0.3026610035232635,-0.71702962086993,0.5242968511041722,0.0085072926116393,0.7373744901243956,0.1920503869704574,1.2273597474350486,0.5855408883821607,0.2625705594295733,-0.6287467459375607,-0.1638699612460241,-0.1020979103802663,-0.0069760724481002,0.0031857443171786,,2.5638912
2.145144586514409,-0.1176265944396498,-0.1967586531139001,1.777315441527816,-1.1706208010232204,0.6613901621230409,-0.4378508069365847,0.4725102267593002,0.205090136081899,-0.3668723513381511,0.2175359914406243,-0.281708333061112,-0.4543062310880697,-0.0099329670307262,-0.0030117661624356,,14.161923
-1.0506010974967968,-0.6092213646827187,-0.3715065665398281,0.7844661194043334,-0.689491637375986,0.8079477217912031,-0.5104677557381627,0.918192169286183,0.3549043936891146,-0.4254447416576742,0.0025993679603113,0.0919671843828545,-0.011504788391092,0.0046592637170441,0.0006453287511772,,2.0089676
0.2444199089840339,-0.5247904197693056,1.3611490438141636,0.0293697353995485,0.5693660849577753,0.0426954554112709,-0.8402858838079724,0.4741544108322325,-0.6427432746947449,0.5690836220395621,0.3603563581193181,-0.0949429524574245,0.356245918136046,0.0121062906284696,0.0001788896183493,,0.6800347
-2.123237210898929,-0.1074219427867027,-1.097058277259295,1.3440038246443444,0.2162483331151073,0.9199684828735006,0.1800575407625699,1.189249926605154,0.436247494913924,0.1835667794443122,-1.3355240030007818,-0.263539803883318,-0.2768440681833022,-0.0016306792843089,0.0088291026604511,,4.2455387
-2.402738524901136,-0.2654444895647422,-0.568313445693935,0.5687535579667794,-0.2560317951177864,0.8033096723482276,0.0657961283708203,1.3678437292527506,0.4702748030292809,0.0904329150378264,-0.3890353795860763,-0.0993297641761156,-0.1033368182276496,-0.0052711050489659,0.0028401786033833,,2.5351293
0.5280531802279275,-0.2799945024369157,-0.6425826448438362,0.6954606938737733,0.2078582465135042,0.2861068960771383,-0.4673194831287534,-0.2102090712059064,-0.4234490873053715,0.1793862714447011,0.3372806755074159,-0.0281110844969743,0.2368303065836886,0.0093666729313337,-0.0063368793231767,,6.9720297
-2.570173110748708,0.1638064060969853,0.2533278430213313,0.4255588981370758,-1.2704454949806503,-0.2464281426985932,-0.1233286974974311,-0.1594499845761824,0.3130137063007427,-0.0309989088727422,0.1106072503346946,-0.0606906530978943,0.1461256988473628,0.0070599681444975,-0.0132806113642776,,1.0372041
0.9956809956273732,-0.3323871471458489,0.7924332480261929,0.6006329048233985,1.0142650112140366,-0.595809841406964,0.5883971606541042,-0.4773344822705243,-0.188663318605924,0.8969756021936106,-0.2519507126241545,0.1038144783388054,-0.2751644829505285,0.0124502304778202,0.001785002341155,,4.361585
-1.3554055029939016,-0.5323799633897573,0.5974706512635537,-0.1679770932933169,0.6711986780754307,0.1240523529142276,-0.1286704100882886,0.6125626372440736,0.0656808381545826,-0.2591791040512197,0.5235608633153426,-0.0609140746608634,0.1910133841816554,0.0030915347630246,-0.0054985730158857,,0.44435695
2.4393225248641373,-1.1091605464166032,0.5930176366025,-0.6757007446810402,-0.992088184783914,-0.5419605936415217,0.2553737527821948,-0.0655307724126962,0.66990455923456,-0.1015866388164744,0.6382244496645606,0.4380338357592623,-0.0057283038033369,-0.0034802087721669,-0.0093701482663065,,9.0859375
-1.3544258804092832,-0.1364168254810968,-0.0816406651603595,1.1386769270270165,-0.5355840019673257,-0.2002753784315822,-0.0430002705582383,-0.8685498687679295,-0.9367129132058052,-0.4254915979701881,0.296841854887906,-0.1820918369446017,-0.0676628495982256,0.0159450591122365,0.0019484985327641,,3.6427987
-2.019879498108806,0.1217020970419147,0.5067186953093334,1.0090889112607275,-0.8357103952730801,0.2029719766520534,-0.4770043196481816,-0.1786503813588708,-1.1096246019347435,0.0001220901258195,1.5880190962764384,0.1008095842281588,-0.1708402554142221,0.0127806409232973,-0.0159097331927646,,2.1017778
-4.340365136805698,-0.4101586098816274,0.6434690544536628,0.2959460503721201,0.8686934969228236,0.538939444194464,-0.4604604303510672,0.2075457947941787,-0.886730589703998,0.4687632215361046,1.6174882844274594,0.1252498616020685,-0.2054980704038844,0.0077366281989841,-0.0115667315194446,,0.85112536
-4.314549724723176,-0.3377623502271122,0.4909905388773635,-0.1280790630602371,1.354100137088336,0.2023990118663328,-0.3544549520203197,-0.0776197944747215,-0.7734531976418616,0.4701477101692737,1.191165655276963,0.0927140326739338,-0.2518022636389261,0.0064467619197024,-0.0119307344307818,,1.0787512
-2.1164280915462848,-0.57552560372518,0.5456523705512296,0.9989542851654364,-0.8533787442303608,0.3648670082981413,0.4580491171088118,0.6960696513197508,-0.0310544411639307,-0.19649699852901,0.449395651015148,-0.1194226463908502,0.3522428678333344,0.015181282993587,-0.0089013297372188,,0.9453437
-1.494226476780914,-0.3641359393791899,-0.5172073724293907,-0.0125167854650673,0.1811210866104743,-0.151253503084983,0.0780418753460064,-0.2455289964867051,-0.2394261102219205,-0.2095470550331473,-0.2083087534000172,-0.2207501685167701,0.1287359950862146,0.0120524930286489,-0.0100937370963952,,1.8754661
0.0353805593591062,0.2626430642202328,-1.0179663704347894,1.388230755444082,1.0054436178943085,-0.4971697553626695,0.2785869885539671,-1.678149628230489,-0.5048744688007935,1.2128406640471163,-0.9026835533429864,0.2617864514362403,-1.1634696012427508,0.0007909164687498,-0.007075038969569,,7.759731
-1.6743563408462947,-0.6414254872681332,-0.067223061955164,-1.6068206530637728,-0.0886603034365026,-0.4196959223092817,0.0572063378440295,0.2521211101099375,0.4746817087198013,-0.3073020343310928,0.2651346530346637,-0.0214178209614092,0.089863758461088,-0.0044814387097561,-0.010277018921179,,1.3599602
-1.1568693664561012,-0.5412566675963647,-0.4598088500100492,0.0943053743892166,-0.0823901732207815,0.4159073319148515,-0.3256281748897149,0.5889782576818899,-0.129999625688027,-0.5249805407064231,0.1712027537995967,-0.0796049950371167,0.2383987244398209,0.0096748356708028,-0.0049669491736673,,2.9952455
-2.737735914672533,-0.8108551788643322,-0.0955516861718783,2.116856231690967,-1.7377513307514625,1.6164387907513131,-0.0482705425319566,2.0305280596979163,0.972211479910739,-0.0968609308858688,-0.3073720407236991,0.2120298301372472,0.2552960387952878,0.0091768578902324,0.0070007950086627,,1.9677397
-3.05936392979376,1.573327349719326,0.9691136678258718,2.611225135482341,-3.256632943428517,-1.255002317040563,0.3486595634338902,-2.237565884956802,-0.0454656468943416,0.3588747152046391,-0.0696832175354831,-0.7524397820408076,0.4934783546954688,-0.0062195750578048,0.02419571490991,,7.0283237
-1.9669930942012392,-0.6495717844303596,-0.1564146494812452,-0.5760875011983068,-0.2945146879133962,-0.136491253755114,0.4040636032722919,0.374364519525962,0.28291721420321,-0.2786861878927933,0.0770826132043554,-0.0367707532145892,0.3116964658514415,0.0075616649819225,-0.008870115541869,,1.062288
-2.6223824932158744,-0.7265084274328122,-0.1851293638397453,4.280957413287548,-2.174706549788793,2.612906341568702,0.0002864479803315,2.779177009171116,0.7947447651969267,0.0077403143361176,-0.4719772635019627,0.311082068527348,0.1014593171001698,0.0154818441096255,0.0156995348342954,,5.198904
1.976527179905488,-0.2570877538216133,0.4999145585471263,-0.0512136697932955,-1.38152373991377,-0.2566688592455748,0.1447452539223404,0.4885458674479412,0.3628484809603218,-1.0419968877045285,0.9361488052084932,-0.132942567669126,-0.1739694740490719,-0.010704722770772,-0.0102809720175762,,12.413059
3.193202384562277,-1.5160083207187052,2.7286581861941737,-0.6575836755656224,-0.253047270599292,-0.8744807606009383,-0.1073100561000504,0.5046948123202614,-0.218999521710702,0.2126615105343758,-0.5189019139271199,0.4177990446893656,-0.6142851299637836,0.0100300731903746,0.0066000373322052,,7.3510756
0.3769473973776496,-0.0783299281124734,-1.0876525001775132,0.3890386754779704,0.657548980519051,0.3224954347775813,-0.555356223621202,-0.0058683228942383,-0.0590333700795307,0.3565454797724631,-0.303661419484664,-0.1281324754690384,0.0683976286562564,-0.0014630281534214,-0.0021187667482233,,8.571115
1.5239886321855045,-0.2828214729969726,-1.0547940367245896,-0.0891934795804938,0.6316052736986062,-0.1862899871871964,-0.1125043485609545,-0.6036881812575445,0.107282865890684,1.1451890766690709,-0.062451935918031,0.407201130844483,-0.0908300568827958,-0.0065613968351263,-0.0059841248754101,,10.8824
0.8451093822084131,-0.3510140731097277,-0.5981225393740278,0.6618222891506301,-0.0889755091277949,0.3665097780423275,-0.6963465901159834,-0.0514147486694424,-0.0482347030542452,-0.0506410562649133,0.2371651934886387,0.0042739510424156,0.2600957552838019,0.0061946174671198,-0.0057640179519026,,7.144806
0.4052799212280996,-0.27875401027767,-1.0351202272610347,0.3770588910672214,0.9068867417380656,0.0851056639152309,-0.5556506574545271,-0.5630351002286235,-0.5555304103454166,0.2556445297556597,-0.13955647095752,0.1042944378712689,0.1165984364560515,0.0120676193838872,-0.0067418305428201,,9.090581
2.2076193773139323,-0.4458163905183742,0.1715381037424217,-0.5743555176640428,-0.4105814654498144,-0.2967253425706415,-0.0954827114011675,0.0323107470934833,0.5305014361188922,0.4732114475883709,0.748921339418704,0.2192528908074355,-0.2745064856373082,-0.0197341434437356,-0.0065237042798716,,9.503573
1.8385984025147917,-0.9971943536286348,0.2752070817916331,0.3984266584094902,-1.5150656603449326,0.2061898510917993,0.5442705780413243,0.7760315812929168,1.3736867146794152,0.5211562895551958,0.1946354935392301,0.615246930292345,-0.8497981444769431,-0.0270333527392078,0.0075407307345414,,6.1185684
0.7657492794251327,-0.5092632362355994,-0.0071762628147822,0.1358040920231498,-0.0339396520642513,-0.1575461739592441,0.0576970346271726,-0.1003369874593185,0.5810519597207487,0.4906059936474356,0.0561292511787459,0.2808878672845339,0.0324194058286844,-0.0036482629530833,-0.0062943870852564,,2.7404325
-4.1460247042934,-0.4932457821296369,-0.3294026149371396,1.3479723700003814,-0.0015714101641829,1.2963137506693134,-0.1654747521316244,1.382876901786116,0.143745656634106,0.5383220012266533,-0.1075634484339973,0.2436585864886527,-0.3354555469899362,0.0034858391552692,0.0054577406136073,,1.6756235
-1.2911318214194332,-0.4382966706218176,-0.5408241957919367,-1.3448314942948116,1.138867797017244,-0.4552860023775704,0.1564858783267904,-0.2406536353842865,-0.1904762240496572,0.3957974076670771,0.298998556690381,0.1937018617953204,-0.10251591258299,-0.003591012095105,-0.0087732691134843,,3.6928322
0.0140115482590641,-0.3016759352727784,-0.2817510854948345,-1.9889196728216096,0.4679599683731679,-0.701772264635182,-0.2654033922727634,-0.0226392533511301,0.5190407121032373,-0.054830425489891,-0.0615466980790089,-0.1265002752128811,-0.0239860708954013,-0.0151780888383803,-0.0066879384995085,,5.390182
-4.661263279041005,-0.3440313282304109,-0.4949104587658969,-0.1654990984715844,0.9957390473638272,0.5280991027736083,0.126158816010428,0.8919512825663554,0.2320991811075758,0.8620599370462584,-0.375157345068858,0.1887752674174481,-0.3113701279025331,0.0069297087546735,8.492034720366688e-05,,1.9638592
-3.2977279574575387,-0.4693669854679657,0.188928404141131,-1.6079187962227917,0.189587684594757,0.2465522659059773,0.0187321545617494,0.3949996397524323,0.3511104501473251,0.3539415933041506,0.5260948256369486,0.1574530362949091,0.0267198837096543,0.031288316357765,-0.0488277566850109,,1.1425587
0.6074817017636995,0.0661680098191616,-0.6735553158301784,-0.9685357614749932,0.6185489252440753,0.72494626128084,0.2171808015739759,-0.8305029040251655,0.0112286941185314,0.0855366016815875,-0.5446060795417693,0.2332329487266712,0.368391245337424,0.0245878843747984,0.1562746757036323,,15.265031
2.8234397052659634,-1.118286937610894,0.5235409973629854,0.792218146915487,-1.6984456614375774,0.2737753953326038,-0.1315492916277904,0.2934509990165276,0.3774331052244128,0.2773367298163893,1.0295066319838229,0.6290341800211127,0.1328446548682784,0.0017561425078082,-0.0005539548948255,,11.6484995
0.079672422660865,1.7208392992776949,-0.7935076271616464,-1.3661223016458657,1.257421337144084,-0.9499701003406849,-0.3080933814388217,0.4169087729913327,0.3623806707716759,0.3006387586303301,-0.0501295566636616,0.8281832023642269,-0.0343312722962666,-0.0200334431426121,-0.0108170410816859,,16.106125
-0.2547793033009305,-0.553143098212485,0.3240538501480637,-2.0279180917746995,0.1728905984644184,-0.9305131404795006,0.1004748071662941,-0.2462346285093594,0.6853890377601307,0.723311877270285,0.1936943740709892,0.1512946928027366,0.1195285207453109,0.0010448698316111,-0.004011118371301,,1.6644733
0.459855502220795,1.9450908680494816,0.1443467411116152,-2.254473923823436,0.3435973941624038,-1.2454209506017109,-0.4959012903726836,1.0202836535427864,0.5588171636437252,0.2049721159126812,0.3284461387508707,0.7048608912636924,-0.1248960068496411,-0.0369840138980906,-0.0099081375905222,,14.288928
0.5054114545802669,0.2320231035388295,0.5056607110555164,-0.0253729601239717,-1.2263820652660176,-0.471302759964764,-0.2382503893108748,0.0398999656799129,0.1691050407937485,-1.1324391228955308,0.7320691270278067,-0.1748026191864155,-0.3546283076535597,0.0002187176456998,0.0138105034594841,,7.1801605
-0.1352484798703888,-0.2355468483513263,-1.1713189910048123,-0.9144177372773158,0.7524146103741045,-0.1261180746597623,0.0853440905357716,0.2214825468833793,0.8336425949623028,0.9301358042430534,-0.7267713124186761,0.0813383058782095,0.0736924841838222,-0.0147846616097848,0.0056031648164719,,6.3336062
0.8159800258312591,4.326590606887303,-1.1131700633437651,-1.2244535060440664,1.1288846758699138,-1.0237543319261948,-0.8785461647755101,1.5212545965695674,0.4955631867617026,-0.2449138117162262,-0.3273896269635795,-0.0603988582912697,-0.5151469051675532,-0.0681448129499336,-0.0045086806845517,,33.786686
0.8007507435256962,-0.5711309768844318,-0.9916311726966832,-1.1414085517926664,0.920484657935145,-0.5944757126047111,0.2690798002986808,-0.4213721714140279,0.2116166497945649,0.2248999829965939,-0.3716421419880665,0.3617668003104649,-0.1521049255452855,0.0023813485030227,-0.0031589248277333,,9.874791
2.7600838020734635,-1.374929095429775,3.428548521546973,-0.4485600358396671,-0.0795788345714239,-0.6151320329633726,-0.5295804587077018,1.0379761027662664,-0.9747820161765868,0.5106443392977538,-0.3136972528052949,0.0345652641286844,0.2572522052450308,-0.0336652827145215,-0.1156579554743626,,4.7781334
4.026607739083413,0.2906783411450998,-1.1803780496880745,0.4114597583212782,0.3008459427180499,0.2027765881210401,-0.7368448164099336,-0.3388719015503936,0.3648662230489399,1.5137649496156451,0.4488807545884153,-0.1187234500087999,0.6823501562431068,0.0058720022508429,0.0300396322439316,,23.770233
-2.672001106124248,-0.3962673525296623,-0.395129294035076,-0.4810907931995488,-0.561573746616119,0.5985116321451773,0.851410725128917,1.965946359096608,1.7129624886712007,0.9301189911285408,-0.5486449663778861,-0.0914719051721508,-0.2808698436779367,-0.0288967334064254,-0.0050344641497225,,1.9865602
-1.2296522844146525,0.7804552098249521,0.0586080910282602,-1.7998824580699913,0.6891289179516896,1.0777478059209873,0.7048720127338819,-1.2324842958765587,-0.2428581652082264,0.1701722596261517,-0.1876092477153134,0.0474593040790471,-0.2178442212318987,0.1475910680109781,0.0028256951578144,,12.647471
-1.4452450209261252,0.7686230168346845,0.325680643269563,-1.726088115623757,-0.2700806361106256,1.7449134689330736,1.29435521769542,-0.5470626197630851,0.3518507277255447,0.0587086166752155,-0.4483762181003692,0.1800544247229412,-0.3260766085459053,0.1753324664175773,0.0105472043860633,,12.567887
-1.068607400406312,0.7364222693685988,0.0669035959240589,-1.939007165981196,0.7479101894269807,1.2583064178092862,0.6806967459308443,-1.1524742566562165,-0.2334433691168654,0.1099377398692606,-0.1483256132690397,-0.0963643986013201,-0.2338284468802899,0.1465359652284555,-0.0141832187478512,,14.164779
2.344176270430252,1.5292297315741332,1.08290930719354,-2.657282930048484,-1.0419802482650815,3.1392681993266898,1.9059158420234887,-1.688989363458332,1.2067647877272931,0.3566942789843565,-0.4039957884518035,1.1534109720003118,-0.0180270083054375,0.3963668261289378,0.0518665513191154,,38.61677
-1.4747933009888865,-0.1364805536946672,-0.4105158173424159,-1.2623881881058832,0.7321669671142972,-0.5698863353587971,0.2564092364405554,-0.263507642244779,-0.1008661992794562,0.2811491383395915,0.1957495917494867,-0.1952872772074891,-0.2883171290094413,-0.0094281901634366,-0.0026728862896155,,3.0731685
-1.1655014415516862,-0.1222993886953104,-0.4733237676511577,-1.391596414119957,0.9790115511271904,-0.5688895315820373,0.1484185634410671,-0.2831445753720116,-0.1580030272826888,0.3257027395127952,0.3514392052343477,-0.1014585468159602,-0.1967040980619727,-0.0096174015221714,-0.0076850350338459,,4.296094
-1.3153300070887213,-0.2300732614422618,-0.2629670493802977,-1.5014621882402612,0.6649554223610515,-0.6927803699501112,0.1931545842770073,-0.3821039884615521,-0.0808344428893045,0.3097219668549372,0.4232260218409626,-0.0314193971412458,-0.1852863398184889,-0.0085163720976094,-0.0055087608780925,,2.4432254
-0.3413872111616258,-0.5252935557240461,0.2847171759412359,-2.162964237026418,0.4265140616628122,-0.8198070705911574,-0.0901983486414464,-0.138872780863787,0.6122234774438418,0.7062610125728045,0.331451384994688,0.07214290570473,0.1704333564503954,-0.0214030350879235,-0.0047485490748066,,1.861015
1.7744313991089058,4.16126025920895,-1.3619097881083366,-1.2570083449820617,1.496555489622771,-0.637927187957725,-0.9741283387818874,1.2364934765416506,0.695811205482057,0.3079891071687956,-0.2312688734436145,-1.6248503451725669,-0.6263230283449834,0.0604836768719779,0.0071160585020091,,37.493618
-0.3128232295875382,-0.2568076714030611,-0.8382654095053419,-1.4717343096825433,0.6990128246624238,-0.4398790916308807,-0.0998610958019016,0.0531161097514415,0.4946745401383207,0.0295354751149442,-0.3328868220669817,0.0788162960271847,-0.1811093244880158,0.0097309851655952,0.0241449170352916,,6.4284887
0.8364504296876552,2.943715041685568,-1.1116873122464814,-1.3171335282537684,1.3549068351021416,-0.4594219118084917,-0.7763968623329207,1.0329798888859485,0.7394455776310579,0.2732211920175306,-0.145252043159399,-1.3745740551522814,-0.4298570886850795,-0.0547891037065519,-0.0679773391825312,,26.790703
1.26859603122905,0.4640955075145018,5.316804395906649,0.0926506263797613,-0.1474762967174041,2.786126136529421,-0.7269037815177336,0.2678934268996858,-2.894544465804842,0.1942523221158607,-0.7028192561470867,-0.1582123757385105,0.0517539702087896,0.2470818746989628,0.0003082666127393,,16.595547
4.283276548398857,7.965478675196265,2.9868935775213967,-1.4368561794695585,-0.1777442983859526,8.134248054217101,0.5125416619507193,-1.3190978983974015,-0.1611094257631944,-0.2230511895028359,0.4112288869505728,0.0014530184244205,-0.0005161503436088,0.0320963404476876,-0.079807972202481,,95.5878
-0.9666046513939708,-0.2364699728431153,-0.5724801108844746,-0.6226521122920184,0.5357915398751149,-0.3042490528603124,-0.1261697945083252,-0.3451575320167425,-0.0939554854267631,-0.0125122811652727,-0.0294838771824008,-0.16177258128715,-0.2680964255342349,-0.0024757096304673,-0.0077375474839204,,2.64925
-0.8826682969432815,-0.587687753807692,0.2922744466629388,-0.668881476579039,-0.1514313890361493,-0.2962827649534955,0.2913560804535568,0.2595260123451978,0.9384687484209794,0.7512882289465956,0.0825613214302443,0.3076958652414185,0.252642533418027,-0.0087168331903426,-0.0037083409974913,,0.18208402
-3.075482348170751,0.5929182308295965,0.8632703018891444,0.8874889441700696,-1.817333432256076,-1.45792286531181,0.5869018345916781,-2.1858497274430464,-0.1981353096751051,-0.0218958866297294,0.085517372113579,-0.6477409635150149,0.003995037133722,-0.0016842034894568,0.0119974704451576,,3.713452
-4.217986007295972,-0.4677135687853417,-0.0465023323638599,0.6880368466886417,-0.4730369588485724,0.9850800031509632,-0.0343059455570643,1.3883855692036644,0.4977025680449555,0.4339801598415188,0.0883669407232752,0.0853043296651234,-0.1263413434265498,-0.0019438916267089,0.0015922163399134,,1.0631167
0.8182999425912176,-0.6343455717408877,-0.3329700401057751,0.0998480640200207,-0.2953102366788295,-0.1640429725122097,0.0216887388153396,-0.5013733289625665,-0.1243406412608785,0.4124282722429895,0.5453167450768293,0.353796929588037,-0.204048630226277,0.0021184836476944,-0.0079294358029181,,5.1835537
0.4754388614549807,-0.3633885860847499,-0.9579535838397586,0.7153749596752091,0.430964051006478,-0.2494855602753789,0.4434169704880929,-0.7367363643981764,-0.7337308829122683,0.2740156143775966,-0.3365149541676642,0.122882094258841,0.0843320278110071,0.0205470391608609,-0.0084463393065189,,9.598323
0.2830543575126856,-0.1574489764989741,0.6543387140064408,-1.3442848305974646,-0.0301787941215289,-1.1680976600136752,0.9215328248120348,-0.6133099002171741,0.437473994443653,1.5427480785062522,0.8237915662976805,0.3028516940181959,-0.5421713107512133,-0.0217880940243775,-0.0038406490185575,,2.6323264
-0.4706159382956175,-0.2141806114507985,-0.0295564609997151,0.8765885033348233,0.3609164666508766,-0.149378407516823,0.1633176534036726,-0.6390234631632933,-0.1218302923579179,0.7321568248851695,0.1092512376135654,0.2399994160113619,-0.6355051294082599,-0.0010695760432208,-0.007093200846159,,1.3954973
-1.8996824745675889,-0.4680281340448257,-0.117721791417245,-1.7593700229380342,0.2571478890275281,-0.4481401798141284,0.283401277778859,0.2827223100232012,0.3899982124287277,0.3406372592533982,0.4579419457647877,0.0669786541123084,-0.1043370941496332,-0.0149738871189681,-0.0035303076435408,,1.6058607
3.0436966907888388,-0.9207001932422788,-0.7038139486406155,-0.323677685246252,-0.8776035867455498,-0.6200952511392724,1.533730241037277,0.2280935498554719,-0.4021650363677692,-1.0889755205679457,0.1161341772874997,-0.1773623880955485,1.2092616370604097,0.0263575345500086,-0.0062045344636391,,24.746475
-1.1001063280779049,-0.2612140090566812,-0.0213538088813376,0.1504222654004674,-1.473317047245328,-0.8881206651927226,1.568680851565365,-0.2339918836001162,-0.0428043546345645,-0.4864086219060032,-0.3265040005678212,-0.2409517259896322,0.4551632482066444,-0.0539803363011524,0.011403819157184,,4.07403
-0.1986869939220616,-0.4017046951517878,-0.5875159830367842,-0.4559635995137647,0.0730613413954441,-0.0317157476935904,0.9205317973249516,0.7785930954706317,0.126130909364844,0.0561471094092598,0.1582440182464649,-0.1438122087515864,0.1186525161267032,-0.0911263909435253,0.0054422406253891,,6.829247
2.277093685876805,-0.1880572226666825,-0.7983163671128043,-0.5708578304232834,-0.1032478493022939,-0.4107457225693135,0.4335638899669723,0.5579628889029024,-0.196547721108195,-1.8463851632513917,-0.4502608891970298,-0.6775963307934091,0.0282285791412157,-0.1267345726497906,0.2572208540735577,,24.719803
1.9844889484268664,0.2432315312719224,-1.3390796842072294,-0.0136351941336176,0.4558800356759547,-0.2923039911576843,1.2685931031923403,0.8424197738000163,-0.5757844512619174,-0.8963709828610811,-0.4984602563761699,-0.2952017695169013,-0.0285552791066979,-0.0731515929617117,0.0044048296017299,,27.973064
2.133270842724285,1.086392144920199,-1.6618959901472008,0.1849383055809541,0.9425792085545388,0.1676620387853633,-0.4832360738190286,0.4541286522313246,-0.2100083268878462,-0.7139300989893046,-0.7923068487225166,-1.3528608110886255,-0.7361492056171018,-0.0314818716300833,0.0059339315199761,,29.66832
2.988371224300858,-0.2541365362288243,-2.3524317837721003,0.9136049638784904,2.008887627370529,-0.337614771727532,3.116103275424627,0.330203676274464,-2.0527303045155154,0.3459394716832583,-0.9610353752657688,0.0148365249710331,-0.4831468600681463,0.0161915740319464,0.0003136087389243,,41.377052
1.4267260762435263,-0.7784175641092038,-1.073652476118314,-0.090134627347173,0.344860116578564,-0.1987129662065331,0.0210872227752152,-0.3051119526683966,-0.069135960596165,-0.3415873028561934,-0.4940556731498479,0.3029397147713073,0.5919322056505627,0.0154028106513437,-0.0032193591055737,,12.259846
-0.7657504463428596,-0.7158504436874329,0.2114929677979854,-2.0132746473863308,0.2965117449919452,-0.7191974553396586,0.1969447977984638,0.2558069763094838,0.2434843815329643,-0.0949424529995645,0.1037152952959382,-0.0082120820587997,0.2278823111977853,-0.0372520813473721,-0.0028328327297911,,2.3708324
4.046264531647966,-1.2151666988648169,0.1766492572182176,0.1054432074525275,-1.4284209284137628,0.0481742033944074,-0.8573235027776754,0.0395388775412174,0.7806764285604599,-1.1396865211859255,0.4209380465633188,0.3439677621289399,-0.2554756380146989,-0.1771042667010835,0.0182325115773561,,19.221365
-2.734958108188845,1.663057814027465,0.3590694828049856,0.4760776022431038,-1.3068629759972066,-0.6910420330971655,-0.1385794736492416,0.2523763006587383,0.0429152909633154,0.014622109709465,0.3317340240019941,0.6992955450956682,0.0065785889030461,0.0687802349597611,-0.0255190178793019,,2.2232478
-3.953289385273994,-0.3762222930670247,-0.1193703415848806,0.975905229819804,1.2935238094063262,0.8480544094669884,-0.4514263728715071,0.3328366097556337,-1.021342841772349,0.3618917818150112,0.8139418357590751,0.2237648224809332,-0.3731247881063986,0.008545252263875,-0.0042123152651003,,2.2910402
-2.904500636509758,-0.2578619126179816,0.0288524659268863,1.2812254689360156,-0.9725109828901644,0.6657703785388353,-0.2720712952478164,0.5648101231679813,0.0691670158606367,-0.0264715417937464,0.1728996798941688,-0.0813560868004422,0.1915278478813098,0.0128052329466199,-0.0058034943942824,,1.0608555
-2.804494977482386,-0.4243221224603489,-0.4799648499409775,1.481124990885316,0.2123164088002906,0.731310424744443,-0.3353956984813924,0.3439106962567086,-0.3634410386056799,-0.267003095309638,-0.402235373997201,0.0574855245093376,0.069087209901208,0.023832522403,-0.0029267622865824,,2.0767498
-1.7718949905070114,-0.117980622362695,-0.2768322675309327,0.4418238078442685,0.851530634219861,0.5062356663160472,-0.8973552311614956,-0.0928465832984103,-1.139272947067816,0.0149993389463948,1.0483019061801662,-0.2322829494925199,-0.1047740677685679,0.0088891747107716,-0.0095425683046728,,3.1425884
0.4862655034129071,-0.3029044009318507,-0.8758563278136484,-0.0260751673254745,0.3711908444371106,-0.1958993744705362,-0.3159715170860068,-0.5584724904914776,-0.3127590298871371,-0.0744554401024518,-0.1903842519881877,-0.0833403965077903,0.1961036149285256,0.0100406620109929,-0.0103078868299371,,8.001326
-0.0931900249896661,-0.3851941418961696,-0.049641135116684,-0.2777092299013443,-0.1221547092994542,-0.5208007567862538,-0.3874341650740527,-0.956781183240528,0.2623243314643936,0.3562211888838505,0.3838894694042419,0.1194442810748876,0.2195086681491011,-0.6631392660455112,0.0664143966800474,,1.4584891
0.4186525271694742,-0.3381127548545258,-0.8555819578312368,-0.1197657713226903,0.4002279697752626,-0.1903755676875773,-0.339932122091019,-0.4726888909762209,-0.380797327975453,-0.2763924613285557,-0.1584227003890179,-0.0492407206660286,0.0887712902460579,0.0111218348177975,-0.0073837411756632,,8.425792
0.4183276658246255,-0.3279830065133736,-0.7310713074660962,-0.0007087571052183,0.19419707999259,-0.3066923430343525,-0.2991585512486579,-0.582041699792096,-0.3888629916095065,-0.4663743953180569,-0.3732978273560753,-0.1402573452208952,0.05158464023976,0.0158269690702518,-0.0041989000667763,,8.042145
1.004846912564506,-0.7469775660658282,2.363770756414346,4.02138532319074,0.8931660104293895,0.9272585194959656,-1.3578144574208229,0.3880638418839064,-2.274977238183606,0.5794471816270061,-0.6595922695701312,0.2333879140705185,0.1054263725199882,-0.5959820221369835,0.0870127213561164,,8.512315
0.5626714800685854,-0.4912561293637675,-1.106449302204578,0.0798184832803023,0.7522735090043285,-0.3062385118626414,-0.1602062241609317,-0.715893766648428,-0.4360518176508265,0.0142478380316918,-0.7527410098331663,0.2317147226974669,0.3220906960677094,0.0232014217589355,-0.0065408945026131,,9.206195
0.5538959117631879,-0.4197446710632295,-0.7775851375286005,-0.16057713570064,0.406465633190916,-0.1375382440176742,-0.3897859215122129,-0.4034552398573621,-0.2877978403653793,-0.070917733533087,-0.1513763700760192,-0.0285130997983079,0.1485940215728648,0.0092865463168228,-0.0076152030717315,,7.5066924
0.4872194835201054,-0.355671142547273,-0.8084036614876525,-0.2593402854859252,0.3410074045937535,-0.1587494299307017,-0.4055632576531568,-0.3659752582005499,-0.2691117843996335,-0.2237949880250967,-0.034521297649785,0.0009854390783707,0.1231522093842521,0.0086041939239405,-0.0065666575063012,,7.961645
2.226257583582404,-0.3122428926214024,-1.096223103337283,0.9017832812753074,-0.6291205589767366,0.5036008452683552,0.5766981553553303,1.0696655136989928,0.7463006322592779,-0.2049067221191773,-0.7063280177662922,-0.1382195662985635,-0.4757820631730277,-0.0389336429031562,-0.0510597329813716,,17.039421
1.9296952277882091,-1.056497676908581,-0.3153235102651635,-0.3017458488272763,-0.381416045542842,-0.1968182577528373,-0.131138854266797,-0.1743509168781327,0.084247773955783,-0.978328135876128,0.3484651961910969,0.3825637489926586,-0.3429278686996793,0.0115129174974694,0.0036276604727008,,12.352675
0.5836395537789899,-0.1888315571169602,-0.5178577463654578,0.243638006381522,1.0906540790487675,0.0680558744146823,-0.4097613891630314,-0.4080957885523794,0.0287592009668482,1.443225928932843,0.7301427675487399,0.5728097518177171,1.292604528079409,0.0159900315077239,-0.0089483858066266,,6.0352173
1.6076956522244548,-0.976082032145836,-0.2269757243083325,0.0636393123175719,-0.3475977186736732,0.0126004878627176,-0.2390450796452931,0.0413634188571044,0.432776486770917,-0.2339624066191764,0.0301153557844807,0.5867572347329302,-0.2556148121896667,0.0064276590912422,-0.0004407332412892,,7.4554043
-0.1978529867556724,-0.7939397757558807,-0.9571415923509122,0.3661326624343269,0.8812481830216781,0.1564625439877877,-0.9731456245853808,-0.3769128842982445,-1.0269113589430707,-1.522332691601051,-0.6113224086849561,-0.0742717358694143,0.8683044523776167,0.0481616969870762,-0.0073649456388497,,10.521332
2.16915584215221,-1.0280180143450872,-0.8588840090269728,-0.0462278884331687,-0.3054233865600558,-0.0362610134126533,-0.5022135267050936,-0.1080320132941999,-0.118191982924389,-1.0998917906673475,-0.3880673216931924,0.341299857186098,0.3754718615541625,0.0261887581914033,-0.0012918073895002,,15.727528
-0.1461969084070501,-0.388726762318862,-0.7067258382419023,0.2275711802701577,0.4410342541051392,-0.0206930862984173,-0.3230744921661578,-0.3682380993331882,-0.727829096598958,-0.647991380421532,0.0048703267061728,-0.1708354313046658,-0.0321539770167283,0.0148271879046752,-0.0022751843783491,,7.5453653
1.3915534193103316,-0.438457218882623,-0.6839625605154558,-0.1708167503347465,0.076323224072233,-0.0518450748744386,-0.3340676069406751,-0.0021452387854501,-0.3905047412520703,-0.8666050412693328,0.2674168229591683,0.0188642341378603,-0.1891158545707804,-0.0346406693787829,-0.1066268271925623,,14.246221
1.2571247971930424,-0.6065307282619341,-0.6496062981396521,0.1103891218141458,0.1587444831912206,0.0195367750932581,-0.4457933744312766,-0.3096088733621501,-0.0543724808365979,-0.1168805350471954,0.198062045784555,0.2441918238852759,0.3078624526668788,0.0093383229218885,-0.0137866957182907,,8.855319
-0.9907853642746606,-0.194480055105861,-0.2845089766419465,0.3363557101476935,-0.0506373230417548,-0.209732558203692,0.3240874084059514,-0.3250950193184644,-0.8144552064201277,-0.2247862408649608,0.4070908859408732,-0.1332582982190245,-0.2244332471134247,0.0114230870888672,-0.0120836189540187,,3.7502916
-2.33061224992389,-0.2949397315142881,0.1997279099254624,0.5405763759238568,-0.9745511941395454,-0.0672649363135919,-0.1111536244231504,-0.4206300347927833,-0.1921125415068173,0.0558060960205754,0.4196332947756838,-0.2731800306414898,0.2184998136045615,0.0155161891346361,-0.0118453688227569,,1.1713673
2.582905916667088,-1.0414113780452925,-0.0701729167321911,-0.3801945363631233,-1.1270915037913438,-0.4555876764562458,0.4428548493638834,-0.215280767155601,0.415432999402287,-0.2960569273565389,0.5319681128796008,0.3602113256420764,0.0854103886367214,-0.0011644396374664,-0.0020435297043369,,12.674836
-2.5464388370751325,-0.1412964336708365,0.2227502257547911,0.6373862188626488,-0.8800669933832385,0.0152749390470615,-0.1563950246845701,-0.1546305920306038,-0.1023991597807604,0.0288823164159426,0.3972712534108499,-0.0957419357540878,0.271700898804829,0.0140047539505588,-0.0135069807866547,,0.9745248
-2.0173469263299864,-0.0881190394162056,-0.9879491266008,0.1361126450590112,1.4105554690682516,0.1948449089504903,-0.3166944417415828,0.1231891877990606,-0.7569616931653056,-0.0814249785653598,-0.3495606927491372,0.2055337877559427,0.0099625160530726,0.0181796604167471,-0.0037045198022304,,6.501587
-2.6849895613769097,0.4590543636982325,0.0464539403560448,0.1456795090732826,-0.5532081540773511,-0.9357175053411302,0.2415776772524425,-1.1335062579433446,-0.2751527471312759,-0.0148671053596907,-0.1643799546612573,-0.2560339875074306,-0.0202333040261724,0.0037909310374873,0.0063646066023573,,1.6837763
-2.884762619403486,0.0390147739611221,-0.4462577392318357,0.0122603756393846,0.4814443421326934,-0.0628492256877101,-0.0012303364665063,0.0043128932491119,-0.2772804784009072,0.2278213208639319,-0.1720943632512242,0.0184312897278106,-0.1760057108364558,0.0038601396119248,0.0026227975849501,,1.9833239
-1.3469544982728503,-0.0372552729837565,-0.6166737051467198,-0.4391307396735971,0.6634204860118583,0.117950227561078,0.1537718072240435,0.5740317217173443,-0.2414689706875923,0.2942100812315223,0.3067469198754438,-0.0313521351145626,-0.1781049553264797,0.0477186751618772,0.1371442237898432,,5.054075
-1.0568255784435123,-0.0766181664548565,2.9943549504678355,0.3026601601219605,-0.8037549978428123,-1.3358146909155186,-0.0447750052420282,-0.5771062972022463,-1.3670710787630689,0.4068338241860008,-0.2506213641483567,-0.3793745451471956,0.0812876916630869,0.0329626680620247,0.026134785136211,,2.4379067
-3.3031463400174514,0.1067169363263494,1.7402818664447532,0.8605482323297318,-0.4335662019736051,-0.3534834994864638,-0.4113596916324821,-0.9616435901787213,-1.150264934303729,0.5542478853329768,1.5898233672931374,-0.3079811278092745,-0.2437104374910643,0.0238108171264724,-0.0025073888469798,,1.2000283
-0.2893262516772513,0.381729703121076,5.9778167816799845,6.615715117999176,9.223860062037012,-0.4452214546299637,1.9409717192014635,-1.6017020225510064,4.174597251759656,-1.0720131319734982,1.2726451207079192,0.6846117516404473,0.2232897591578153,0.0671813791498771,0.0629020968593162,,6.830327
-3.671049480181907,-0.4228452687076558,1.114170720582326,2.1949554463654635,0.8263070324749505,1.060593325809391,0.3157281437700774,1.0873065055944957,0.7152501529012014,0.1548469187160412,0.7605426092892883,0.1990524456038769,-0.166118061128598,0.0125028188003752,0.0102023061565428,,0.25153458
-2.8837333528194784,-0.2904555325426734,3.2580082303431657,2.3298274683970157,4.2412742657460045,-0.0092896572504717,0.0341318477350923,-0.3831644335814723,0.6338943690695481,-0.5842454692792554,1.105726621622723,0.109813392918856,0.1732323690633361,0.0459987291712431,0.0218612203412327,,0.4088984
-0.3184982019916743,-0.5058509357092864,-0.7094683462448964,0.7548167062063944,-0.000283491267565,0.3744747187606645,-0.5039761642241654,0.0470673159338904,-0.1655113792813847,-0.4969850757414703,-0.3552343616734842,-0.0391473043965975,0.0932903951224555,0.0155038446746113,-0.0042438040617241,,4.3813057
-2.5280179953433985,-0.3872838353060757,0.0678808412213058,-0.0451227057706036,0.6972882914149939,0.3971158872411881,-0.6800436770087374,0.1623630935943767,-0.7335170315323519,-0.0157244051745417,1.2333353451676188,0.1056628138654644,0.0524003844999964,0.011985100622039,-0.0075722396130492,,1.2268077
-2.417240031090357,-0.2119584996250226,-0.2369171300896689,-0.0197130875080321,0.3637738478635093,0.4603634418730314,-0.6054174812612486,0.5265574038186245,-0.5409628733965848,-0.0121689048358937,0.7789143116033478,0.1033073468960011,0.1867654351912625,0.0103122634254971,-0.0062215901813822,,2.0784335
-2.576765289382906,-0.7710588952902303,0.3196395446191883,0.8965760657663352,-0.5831325054645538,0.9404848423627762,0.1618191435107981,1.6050168749966376,0.9536566148660368,0.2369477105614532,-0.1107152992761072,0.1736363265008163,0.1879419464156618,-0.0001367423453714,0.0147858292269934,,0.4608168
-3.284147065478871,0.8185228731349291,0.7426867329998318,1.1018927197818296,-1.832857209454679,-1.3651854282408036,0.4480656269890811,-2.17555855151432,-0.4062663836115104,0.1125379345434088,0.093238137482635,-0.698332504496811,0.102906494359743,0.0018717804166332,0.0113162916570553,,3.9206417
