PC1,PC2,PC3,PC4,PC5,PC6,PC7,PC8,PC9,PC10,PC11,PC12,PC13,PC14,PC15,Li
-1.8752629779125278,-0.5760266250183786,-0.8806340951722197,0.26598888802611365,0.44580192881448605,0.38266769805888234,-0.10340427654692336,0.462297269829776,0.4915977335063646,0.1682476212187022,-0.9420193891731976,0.3045497973471959,-0.17702768799467838,0.00993803179022008,0.0032245925395581617,
-1.6324701481976953,0.5420405844272653,0.1837145034753042,0.4155667483890783,-1.6514316499663098,-0.5199918685175531,-0.08541760457605144,-0.1198325320195526,0.5579106602242744,-0.29667031292683377,-0.16495101124141878,0.13858859066091303,-0.03207312530096062,-0.003709525809830126,0.00659931840583736,
-2.45755259869068,0.14414656254672487,-0.048786294743809036,1.5126817459680284,-2.1444960616867834,-0.38815298122049546,0.9578196185887851,-0.31279107392642685,0.7834986627699266,0.07754878462285456,-1.1420067426674156,-0.34194199134975123,0.142934840237065,0.0015375907925485963,0.018308049628782293,
2.0385597341270785,-0.6042557690309683,-1.0029802248989943,-0.05477853744796759,0.33474963015311854,-0.07226417910708566,-0.1884976383657988,-0.23301480885698736,0.12184164708783488,0.13253444827037222,-0.27904552490492535,0.4133225513485252,-0.1201030222930378,0.10988119093398663,0.08435177495271426,
3.609243705674644,-0.9399832891713323,2.8750783087488325,0.5792367885751619,2.2684432205027023,-1.0336586112844806,1.998848156118833,1.0006281245236635,0.7057645099212986,-0.21841631764368655,-0.8592079304936202,-0.12182424272392221,0.5992714826874893,-0.15819760345198922,-0.25846329481344116,
1.2046684900491185,-0.40499540533382944,-0.8507886763607739,-0.010368393880496695,0.5633855669810931,-0.22936357355805975,-0.10537355395038442,-0.7683212194174905,-0.07311979464985512,1.282228252237667,0.2176576631622092,0.6091588623268602,0.048812198799003746,-0.1501670914511989,-0.18045935827233692,
3.2495855773170272,-1.007261332406619,2.874543845714573,-1.112246301741541,-0.16372402880014292,-0.8779765745986345,-0.6378796972639138,0.8684401119259575,-0.1301816858008386,0.2572126357952587,-0.6519449490772916,-0.12210904079726995,-0.10679163793156086,0.006600057991847488,0.010714067068762179,
3.3823607687519344,0.19499714990067427,3.3043780868043964,-0.2276191664481637,-0.5769348389595134,-0.7649927264527259,-1.0624358453617746,1.2390278404686625,-0.5328519930114696,-0.29354271757916317,-0.2200989914059891,-0.5255473528443496,-0.2599656304096996,0.006649132312495533,0.017918054747751475,
4.511404720728227,2.5294722426451095,-0.9765831034474285,0.5726799120034639,-0.25446524416644456,0.24618160016967489,-1.0753596268160988,0.8117065430683357,0.475718591294843,0.5700954410433545,0.794014206660686,-1.3569024744495457,0.07150888479433944,0.6784541406101442,-0.038510397304391465,
-0.5088001233908421,-0.2724452273041523,-0.8754098955825006,-1.4159843778761667,1.0165626048118948,-0.44209701589448164,0.3339088422668837,-0.04142825917861633,0.20810616873909651,0.8349868998002042,-0.03779084957325008,0.22415853113486356,-0.340491714030173,-0.00951317007525596,-0.004051212206678254,
3.284002766548256,-1.0366482231514003,0.8165340779148209,0.2720591113449078,-1.374273951748401,-0.04537169027908699,-0.4966715452523515,-0.14525147206831926,-0.13191820929568002,0.1424583001451689,1.3685724502211507,0.42497929864995737,0.059783839812130576,0.0062046936215119745,-0.005913945690160689,
2.451076197330145,-0.37770201230235895,-0.8556880155062121,1.110255474044656,-0.022390957721503325,0.4537602788571288,-0.900018656053126,-0.12720071335884622,-0.5859005182470327,-1.0750717848981282,0.1387658695915411,-0.02917873137702918,-0.5725171811377769,0.010693520654192512,0.003422041830777906,
1.8955894141700147,-0.3643449654116298,-1.1312597512719915,0.2818037825401884,0.22968121902788644,0.1672186951534082,-0.2671264190594503,-0.029157847406850047,0.26017449899139317,0.12294235296636069,-0.4205947604870625,-0.018954657910077638,-0.11674656406658417,0.019605328368373708,-0.0014759528194853812,
2.4679592663261816,-0.21122040599877792,-0.7469498843176556,0.8485187620294188,-0.03773895794887228,0.29002108646837443,-0.6285362559990963,-0.025307621348451298,-0.5998379641260075,-0.9453738035336025,0.38001952528756666,-5.7549445486083865e-06,-0.5644521581465765,0.0007255276320678969,-0.001592373999096365,
4.368170973834104,1.5785782023832085,-1.5653762481737792,1.533072358905477,0.6620698589672378,0.8291786486383455,-1.4762627620180653,-0.05525048982656152,0.1975587561759812,2.0978358486196074,0.46133676297316045,-1.1848626788124408,1.0593802990171783,-0.03206319739523501,0.006336004515326074,
2.3746705452755172,-0.4709628567248096,-0.7650086103620348,1.0096660234473862,0.06323985346312824,0.30437185367488445,-0.7467449775469468,-0.21880293020701533,-0.7692380556477451,-1.066141356871188,0.28798347682204384,0.28708731945391014,-0.5024846030783799,0.01095162792963247,0.0011725795614314144,
0.3611578992636512,0.7835006138657706,3.0665595850982674,-2.9548383169316006,0.10588517448181704,1.5474764746843062,0.5857911043609871,-0.8785455683895097,-0.2115816581529849,0.4751124576202665,-1.2712889072540705,0.2705179196330532,0.1817046848679417,0.20486619368822098,-0.013072027234172596,
2.8801765014630507,-0.7204356195287509,-0.8198431066501946,0.25543434067973664,-0.08699631508540266,-0.11103195632264927,-0.23654144464534585,-0.47572095016867705,-0.08117191708388091,-0.35424484353932567,0.04961968425004243,0.3683687022379921,-0.3667315671526881,0.007657732489587915,-0.008568663876248769,
3.006248413573643,1.8728974684374011,0.7560862929635986,-0.009441772006027215,-1.9816443845943132,-1.6569592722851565,0.12036390469060802,-1.1051559356945524,0.7848956702463842,0.48557041620738634,0.43142293232238194,-0.8911556862228462,0.19173565397134018,-0.03669423919425113,0.014464364871437933,
2.9782869627284927,-1.2386917528614965,4.472787358588618,-0.29366245077312153,-0.4004689685520128,-0.48120771696703435,-1.5979633292692947,1.390908708539711,-1.1858503081001563,0.26341973544860714,-0.8276313958612566,-0.5010607850994324,-0.18535377437378778,0.0048637474021205026,0.0024535710129106017,
1.638868518849947,-0.11982553922802162,-1.0381466331331552,2.13369229946534,-0.13787514327822203,0.4206020313808577,0.11363406064165997,-0.4923401041606903,-0.47573583273834863,1.0942321366607903,-0.3368610643997085,0.28377348768959204,-0.7185210820481638,-0.004673314486567155,0.005606533918188433,
-4.092515249852894,-0.3844270044083359,-0.017665200064966857,0.0960259815965527,1.0393334787025708,0.5706346313086107,-0.4995235273823224,0.2421583033301544,-0.9989051549697865,0.5618101111376504,1.127870234469525,0.17732680267437081,-0.22959839339225324,0.009059574758980024,-0.008106039098613259,
3.493701922962422,-0.06320985871416776,-0.8356015444329155,1.4458688086708034,-1.6499835097524311,0.09533379020677935,3.3440982463220497,1.4347298007734022,0.48387421383275026,1.3214650383356952,0.07546979433378566,-0.21646165068590464,-1.1295963246968035,-0.038214134578772416,0.007285671141954398,
-3.1259059251436114,-0.4900984083919066,0.521798609082533,-1.2097789292280325,0.18905716180716264,-0.3173046443973297,-0.06833065074533094,0.15957329884020502,0.45706035231615105,0.15635347744292222,0.5251610651532835,-0.009563208121320554,-0.0352920651418063,0.021322780393612347,-0.0075297775322795074,
-3.15707018466716,-0.3598831223240906,-0.15691019560072922,0.7063203217385269,-0.5492200070055413,0.5279024781609996,-0.09987659868580451,0.7069390840925504,0.4382897420508004,0.04423169806143443,-0.23436521432204593,0.0441082296266329,0.12173832050237522,0.005513284613264846,-0.008839508877575147,
-0.24677187160121625,-0.2761626169336797,-0.9799250743967423,-0.5695661130945199,1.1853920481884834,-0.20710017131384836,-0.21316564156028822,-0.3517149653337037,-0.3166239982952273,0.20993028651963763,-0.16802974199267612,0.09601442583012433,-0.09467450589558925,0.0024280677930214765,-0.005350694398989417,
2.493415400599471,12.810924925365846,-0.8966196448477263,-0.12754068381061126,0.07361290133997328,-3.6086850395445462,-0.8917924892774536,3.811226183976069,-0.9240927132548696,-0.9783525631616278,0.2802725099456953,3.6415506690743626,0.6903356626507782,-0.01882479018255815,0.02309479291507625,
-2.1066068272257925,8.518443600282609,2.4753880115363147,1.216294912127992,-1.9138543295220105,-4.668173473762177,0.876345016932797,-1.2825903213339864,-0.4284325443373034,-0.7094155515250664,-0.6299604567111255,-0.13799991367760614,-0.3320380600147287,-0.03134604747524996,0.046933189759356626,
-2.812649695299216,0.41632264409812286,0.28971479776697256,0.3015665857197327,-1.2931974845575454,-0.26580898760106064,-0.05978049877485839,-0.031138417823393216,0.38815035589033964,0.1364979411996901,0.18487356691082893,-0.3022056285889398,0.26304552349826615,0.0009011008539365291,-0.014318123228132872,
-0.09513549851187852,-0.0004452097670338141,-0.3681924837131926,-1.8934142746517355,0.5573538258880397,0.5872585313626364,0.2173715686943775,-0.5015200402077455,0.2762932432745957,-0.40557962537287806,-0.3685643464805144,-0.03782556121616788,0.14945011078978418,-0.05467956312652619,-0.0017634706087478879,
-0.11016556638793727,0.24144842324377663,-0.257574238172727,-2.119813235070566,0.46190218052732834,0.4742575631360472,0.12356445958461036,-0.4362075484869061,0.20333956753474697,-0.5867781419377578,-0.2010940645557859,-0.15412000933147968,0.1723001524490702,-0.05764069869578859,-0.00342658681973401,
-0.3747860433625345,-0.5201476496493354,-0.5646825980561668,-1.781690477953872,0.4887909251183099,-0.5959970833383739,-0.12780147130795072,0.01108174938179552,0.21784415642258165,-0.7295163732242398,-0.11720242401355059,-0.09233928245197812,0.2115452522964844,0.0005671251259865821,-0.008794907811562683,
0.11380548689661125,-0.39860356814444853,-0.5725201497335581,-1.623613370796696,0.43550018359324794,-0.5893622748388097,-0.2411085680026805,-0.1476890920628611,0.3873642803762364,-0.5461136717954357,-0.08987809308585247,-0.21934558331295925,0.26484979665507374,-0.003975362334148155,-0.009190789110715627,
-3.026847116884788,-0.6207664057572594,-0.5521605359098728,0.19770043433404758,0.11934120353607262,0.5185261794695671,0.16500839890341445,0.9500491386302417,0.2792885559623549,-0.11135994076512089,-0.5380064982055647,0.11516306518433085,0.031191884093525073,0.008774406861972915,0.0003829066082243523,
-0.3782596891199909,2.342142622617656,0.6798141439279127,-1.31347004905561,-0.026801689058768376,4.941532579697307,1.1179688699802197,-1.6895650529662967,-0.08725245014518689,0.0152581068460708,-1.11360313679436,0.84442452488862,0.15499094858530604,-0.24553509617026098,0.004290762406172361,
-0.866115679774165,-0.08843804013732505,-0.5489127320130468,0.2524212994813385,0.9069458384352872,-0.08746850188262059,-0.34295539964829475,-0.5427056005818675,-0.6276278867963159,0.35839690502801386,-0.09260610580206904,-0.006750265125392548,-0.5310291896938277,0.002441808822736634,-0.005429153942654872,
-2.9772049179310214,-0.5847235062003431,0.0757120395780998,-0.34905627520921517,0.1349990813887162,0.27159672661802375,-0.2945858054692619,0.41638694415309435,0.06579474298574146,0.11447840662453343,0.5058598960579451,0.10822884100300727,-0.1699910503471482,0.0006781822803038779,-0.006378615228408797,
4.026336245959298,2.3972796701359766,1.8658716834683309,-1.713947587908282,-1.7525334992947874,5.193634603910199,2.027408307358513,-1.9419570491448677,0.3677767892424082,-1.1067820681841232,0.22465622101643445,-0.26986747590195137,-0.5249673815576877,-0.2653625873028272,0.027237124577926073,83.0
3.5716616399702157,-0.8931597546772104,0.6814271366585483,-0.35049354639338814,-1.2028094688042714,-0.21175922206405337,-0.5485497375532082,-0.05150795015140564,0.19609073169826563,0.07544111477055708,1.0345018257214214,0.21245134545929298,-0.4023829772688945,-0.007389664988749768,-0.00024526369724931635,
0.3613397539733615,1.2624667486986936,2.405292736580832,4.350710688162096,2.426792117776727,-1.3576980371373684,1.0222306371706342,-2.0945292687939543,1.0643314543954157,-1.6319714150120268,-0.734727776615898,0.036916346518424646,-0.12069012037117692,0.030633254346621154,-0.01724625234828112,
-2.7269869044354103,-0.12245866618818532,0.1660565747894855,-0.5549685222840279,-0.15076273573757099,1.0086271362661587,0.5348341263848296,-0.2329431030456314,0.1736703101217724,-0.08898909395398368,-0.25631592466526343,0.14863512457651526,0.0834422560441644,-0.0379426674681181,-0.0011155949010283315,2.12
2.3193138465380665,-1.1504415954905713,1.695983234409103,0.0563680036974413,-0.7881174258013718,-0.2370323541793363,-0.5379654382484559,0.1761306913454375,-0.16389096351145083,0.5488824880205767,0.5917873137215989,0.48351325076205903,0.09030844718414383,0.018075293955113054,0.003974694641002867,
1.8054792834883497,-1.149144871160684,3.030229362227808,0.24964280797511204,-0.04561547762415736,-0.6909150951498247,-0.5975877868306673,0.19714844956312075,-0.27721697162536507,0.3641017153735102,-0.6071353390800079,0.13510702098279834,0.2991251206140242,0.05884736703126685,-0.0002949779146727477,
4.130099417152733,-1.0826916666057296,1.086903331997068,0.002632299053768698,-0.7262419557623783,-0.6158109137006743,-0.25310172308638484,-0.27991997307908184,0.021237783447887154,0.24695655351124532,-0.17378808829249978,0.37993470143773467,-0.27505408821157257,0.013358541322620534,0.0061644386503587655,
4.123375999818505,-0.742867119648585,-0.8564157688235605,0.3526846759604967,-0.9758015156507037,-0.32015871128838713,0.17074134464053922,-0.5452730367416319,0.09945452547488996,-0.22061739871616012,0.036432469452531986,0.19526385451643946,0.5671987105187603,0.008802651680373202,0.14345157160872793,
5.024152869019481,0.5621215148874561,2.0213393026267075,2.702460978589866,2.420255548742488,-0.17468907447829302,-1.320026783164602,-0.7999050488503369,3.0688987543127277,-2.772732726140091,-0.3688496974676103,-1.3762374739293082,-0.08117514545940609,0.013091730936734937,-0.005971411557880211,
6.544315232910781,-0.3771603615446423,-0.3748021371241954,1.1455685494602068,1.215614157404502,-1.511541973265754,10.821502647441998,3.0881537931061027,-2.844851734081059,-0.052613707078577786,1.8408650386541472,-0.8599310030291987,0.3984562851317569,0.01289278361441939,-0.006229426083849247,
4.985657765182198,-0.9332249910336488,-1.0580146966289918,0.80961098782628,-0.9416154514390187,-0.09815779440000809,-0.03194670658385599,-0.6784157143885373,0.44326816149233,0.8670988512243336,-0.15436486623537776,0.9454880153181138,0.27870324988641076,0.03462294313772427,-0.004592904291701889,
4.552354902243495,-1.1046505520843402,-0.9349501370746347,0.46136509604671944,-0.8157681860269349,-0.2339498595795264,0.2141235934434737,-0.565964445787534,0.13592619145449844,0.14734861801780946,0.06493826023937302,0.9299683691847395,0.20887858295568962,0.017462246362002512,-0.003283169208257958,
5.4451324372215995,-0.47107653012487294,-1.1699998303455965,1.4044871276425859,-0.7819717176803743,-0.1584262092636732,0.29824976762513333,-0.8403149812568735,0.04355828908072948,1.3691913301608059,-0.2329775777342368,0.6373670501427362,0.618830846373639,0.06004561196391069,-0.010614327155159272,
3.428680037857311,-0.05944731467151848,-1.398598842704202,0.6383550715561167,0.6919697256444823,-0.0926072918052448,0.0067465536611938095,-0.606753853033099,-0.060828573812295,1.0574117550077435,-0.2869244163462208,0.5474702610496275,-0.7467922414270582,0.01109234474083475,-0.0018843958445377725,
2.2010016651542763,-1.3208083371086463,0.29176109767867153,0.2065304948072605,-1.0513937000773503,0.07365351435185893,-0.16295422518110428,0.2285809629906664,0.17787639807783293,-1.0458777642562835,0.8060398559142871,0.560553928364359,0.0783824378187772,0.015492916988082838,-0.006075481950800596,
2.085443171326226,-0.741683024573987,-0.7679413432274415,1.1360658454549981,-0.9262841232792673,0.6480536645889681,-0.38864550832345185,0.4874061701649334,0.031216591389874686,-0.5114130741037496,0.058335012688058345,0.06184255801180013,0.6662184411084,0.022996716995271872,0.004102369710588087,
5.472729881955191,-0.7744290571588909,-1.5455358136372133,1.7232255307915654,-0.5954321948768518,-0.24489219634466122,0.3813724940049517,-1.1671825756288174,-0.3971110339963721,0.27312884310178104,-0.7685535477277279,0.8672026778061165,-0.12427496998613713,0.0716556126253661,-0.008656160410621809,
1.6863845684619538,1.2332146509973108,1.512024507568848,-2.5237301474515426,-0.034788676302964304,0.9973411775302534,0.49309428142293993,-0.02098397000222506,0.6603844734313191,0.1038843500052277,-0.3014288448069506,0.9193368424431092,0.24575535326207468,-0.1141004589836103,0.0036383612189017584,
-2.394183954714754,-0.17993196513534704,-1.003902023711539,0.1552433681088949,1.4594804383552087,0.2907093350290255,-0.5190852411033984,0.019698299353770893,-0.6098028026162238,0.02268369237127787,-0.49058841698215006,0.08664428739784882,-0.04494141681502184,0.019190965348059343,0.0006273981330138523,
-1.587220574896991,-0.024686184614130018,0.20579867685805736,-1.7481611896986384,-0.2799075296864851,-1.1513984476589114,0.2437846827565036,-0.7340327398429687,0.7804403811973716,0.4968968594043439,0.31773086097647857,-0.07355492697430902,0.03800766096465798,-0.018630760521526943,-0.00015088490860535618,
2.9074954885192694,-0.630176033056776,-1.0932122003611866,0.21459619643630007,-0.20644557218019385,-0.39172465069871526,0.29417820235867154,-0.4555930904670714,-0.06247320497923799,-0.48363495185014105,-0.5312739879882948,0.36300508406097975,0.04278055324420555,0.022740989576518073,-0.00926833795687604,
-3.0992349390685927,0.7404006278518069,0.7251013217922881,-0.3524809590325519,-1.7075990477536418,-1.7501184577757487,0.5068334110370314,-1.99923182091581,0.24770625240373922,0.25644403266928417,0.0018102784441461845,-0.6578614172105226,0.08722794731388185,0.006575218947532243,0.05520031405556007,
-1.2503325848696385,-0.5707248600228378,-0.7414809316833284,-0.18982191905639043,0.6565245047731576,0.20049679516656352,-0.16565844581785638,0.2766761831163838,-0.13811329766831712,-0.21593986515268435,-0.19106384658580905,0.09771610827711057,0.04410371386685909,0.011867691705480658,0.002850904829264147,
-1.3512673643134858,-0.2363908951521404,-0.4320778215719265,3.3579589589845757,-0.020093295477109672,1.7046629628651246,-1.191976775347512,0.46118195938559225,-1.4754039050761205,-0.24329617445677829,0.65661808228975,-0.06655564451185886,0.20322338078818647,0.09562075337696373,0.09014872295389614,
-2.003662682632353,-0.20537441024502717,-0.4539139024536907,-0.3507248685191182,0.57783534813819,0.2341787714432472,-0.4794453081694199,0.3983439544440072,-0.24737078593679604,-0.17095646018349697,0.20536427545343675,-0.10690306698826763,-0.010068493353687733,0.005465449541561455,0.003767085367987097,
-0.9689681969186229,-0.20301130416292346,-0.7283350902602973,-0.3669550221966472,0.6891585002532383,-0.19695845642075416,-0.19057370852435193,-0.28831382251495413,-0.14422326405522085,-0.1551788522079858,-0.26686975734575297,-0.2605511531480298,0.07277923899041827,0.007322281241626362,0.010385244321410237,
-1.7795970466950009,-0.4823164001117678,-0.10554115636246686,0.8599156252392691,0.1384554327218288,0.7167079862692725,-0.7535212053966173,0.34659243009358637,-0.8590135688053234,-0.3133819344899987,0.9721585691742489,0.21344312531170062,0.15012050053666204,0.023404034443118803,0.0020042849901580786,
1.918892941465813,-0.8193999463763644,-0.8447245942445477,0.18900527360280198,0.012512687170150248,-0.12733560108161796,-0.6514824409305102,-0.7037947589965378,0.0446099321686307,-0.48084773294824124,-0.2949688998860959,0.46849250113005253,-0.12332379553112874,-0.043277122098120846,-0.14918392857911758,
-3.0721100127872627,0.027876245916194944,0.2133955761984402,0.0752008719870779,-0.5852007131487467,-0.6608435604190397,0.24174530753333986,-0.8732423978782479,-0.06206083507376499,-0.02019790220074322,0.015522593367577659,-0.3255936955703982,-0.0063705117055160645,0.011239695194060604,-0.01801702889102757,
-2.2377910421219056,0.37419730908752163,0.013388716002508669,0.3221668318675665,-1.1315394434538915,-1.2135855189929685,0.5256033173480893,-1.4343329552548147,-0.04928418527914594,-0.29535237173810475,-0.6439225100349852,-0.3739210794932805,0.22685475937427552,0.021020063699395214,-0.022561658886463186,
-3.6929737897042725,0.3932464092481393,0.43715746819082907,0.20770218201087506,-1.193405184061441,-1.4194007387165009,0.6571273035685721,-1.9837021017740077,0.028759462345089602,0.16105975667575934,-0.40607251243771997,-0.7536853816818374,0.06217961074148982,0.015743209381298643,-0.027593311303457657,
-2.8063191515669828,0.13688229995105913,0.7117558855568927,1.0689628127401583,-1.4957100526173475,-0.5061488727560282,-0.04506076529804854,-1.0753552919683447,-0.2564635081163599,-0.22295611065179982,0.506891667134049,-0.3594381626856968,0.31651206876817123,0.02240771690253031,-0.023222439506118346,
-3.052810307719076,-0.41014558011177943,-0.59552943795799,1.7792146068961838,-0.3466717074826485,1.007074035560984,0.10072250752196774,1.0699902539455388,0.22417128255090885,-0.016370734668891187,-0.8515119524134975,0.07404287909709761,0.014467945540275784,0.015537661992722043,0.003094024722501292,
2.4495142841398163,-0.8649098432651455,0.6160172485004587,-0.45367667855126714,-0.9061781691399203,-0.5385382464489141,0.34570389128223644,-0.16996134246595856,0.8694370431651406,0.6734933860377892,0.6410505286255418,0.5264639963860902,-0.214707574302669,-0.013827687300717985,-0.008252148470129055,
-1.595459650454624,-0.07973206420541229,-0.3853416838264775,-0.7875253042360059,0.6026568573564444,-0.463612282404047,0.05983163812178074,-0.40943207879339877,-0.2574750518220071,0.2319482909997126,0.05763350530371626,-0.24077702226252498,-0.4577576167382399,-0.00628215187121803,-0.009638950857599995,
-0.46518811017696154,0.11367380822130242,-0.23612347694664304,-2.052925092768801,0.5330416745502704,0.49913064455646494,0.13782343441576425,-0.33906606859182736,0.29642631375914585,-0.21881667583020648,-0.1141891653109191,-0.17008748490949757,0.23594683300346506,-0.05498005677268097,-0.003208446418064035,
-0.07845951956175343,-0.48482650769538943,-0.8157652578967266,-0.7621835797201639,0.7930311212974773,-0.23582828304637038,-0.3532741966816895,-0.19484502073436286,-0.30949046481644343,-0.6941212711907492,-0.13881298233404996,-0.1139273445193139,0.291073848869901,0.011969638402442624,-0.007877662019132316,
-0.5950016406296565,-0.4644819752661995,-0.5135349006216658,-1.6903469345428022,0.26758415422003895,-0.4429267509412823,-0.1627275159021272,0.17548386366430105,0.5024389927545555,-0.4941547985390793,-0.036241315771257325,-0.1690748152315852,0.2121396128850873,-0.006190550385739775,-0.007840743795556819,
-0.38584799718030105,-0.5566502237743817,-0.9306864228058175,-1.0854377551769518,0.833736728462552,-0.5760350414899856,-0.0278870603896228,-0.4262100210544765,-0.16668768937299727,-0.9129720142529489,-0.6819371818064339,-0.14966664590016612,-0.023040644593199565,0.011603814326487966,-0.007211304231750885,
-0.19609353703889223,-0.024018925186061333,0.4308038820059757,-2.6930131117154894,-0.05904985159602996,0.348134098901945,0.03346301132106662,-0.13414085908551052,0.26987688880013116,-0.4175606694870951,-0.06696287723632591,-0.13500614808250097,0.2460664973078148,-0.05817698524517882,-0.002270749279888135,
-2.572659416308322,0.06699800918092254,-0.30502138093800124,-1.0424023170334153,0.4551267386912242,-0.7963884128363111,0.16873645457658162,-0.5625490637232394,-0.001528512500076571,0.15409234981891978,-0.1901946729517863,-0.029933587966617284,-0.020324668579353843,0.002539573431791807,-0.01422785950144911,
-0.13852987636363312,-0.09766915721403427,-0.1297828407321302,-2.0890868872419697,0.36598882121060355,-0.1132245375471325,-0.14613197683146995,-0.11672436860221175,0.24129438629075786,-0.46036461407763424,-0.10891579249902707,-0.32520420484911666,0.21834450177995118,-0.03145970747985316,-0.005371442303571921,
-0.11933261417479966,-0.39628854498720073,-0.7068767532982655,-0.712395024778476,0.5895755005631531,-0.16641456955251815,-0.38704066399755904,-0.05782950246650568,-0.2438145233736876,-0.727682081958655,-0.003930985591527908,-0.20693877873969602,0.16852876553019236,0.006872658437431346,-0.007280597429768969,
-0.7080027573251443,-0.45963039651779974,-0.6794769266817658,-0.9161740523489187,0.42569926606470104,-0.22581554363487705,-0.19167510656970915,0.03962583032376848,-0.05311000475409401,-0.6655255854412313,-0.1781611486560966,-0.2359433437293589,0.07699177810516512,0.004352358749953046,-0.006673209518227496,
0.02956283936496019,-0.36644360311140706,-0.7467540159246896,-0.4379921312249398,0.6199284526350959,-0.11452257880872724,-0.3986415419183551,-0.1870056948336947,-0.39828099641100057,-0.6109195668526027,0.023644318620772316,-0.27871269679450333,0.28497333958441146,0.010224735186554612,-0.008068563941557753,
-0.08908006294133075,-0.693666459965035,-0.823459670641019,-0.2790774593536786,0.6733243940085529,-0.1283422416695594,-0.2179645409762529,-0.17653422962234486,-0.5406105986356944,-0.7241992382031925,-0.1800019411722196,0.291928206163245,0.2528518386030098,0.023019512431551897,-0.007409831365352019,
-0.3961886667573656,-0.5499844125210842,-0.6361027066351445,-1.5557639913104677,0.5366668336585496,-0.5164453047243709,-0.16876448101528713,-0.04647998492408979,0.10953687997451579,-0.7851885625004419,-0.1639306363282101,-0.07548554332414648,0.1354523883996234,0.003065374031398205,-0.008246904924211174,
-0.13728579898923055,-0.4531203955688865,-0.8221010155460401,-0.8975913190051072,0.7005785579421134,-0.27685473400741295,-0.3337240536944614,-0.14195438676148234,-0.19755059176284115,-0.7312985441978116,-0.21749038858177738,-0.14707250977307018,0.16767765422223763,0.008243443313826789,-0.007097134798410523,
-0.14829715309854544,-0.38242209381314113,-0.6844987989333405,-0.8363341460441364,0.4734592158084139,-0.21518743427413073,-0.34731880584496433,0.01657113117307716,-0.240178483424138,-0.76619484089965,0.030909991826357997,-0.1302566417517437,0.16776905561947597,0.006773706697933031,-0.007655743010577775,
-0.06031830328615842,-0.5070362831685555,-0.6740694884399813,-0.7212276984728804,0.6461500932332384,-0.18477712828483647,-0.3194315375218676,-0.12895264285427402,-0.3232234108906282,-0.6314436012118371,0.11582749049417697,-0.12209242605715422,0.294919368125848,0.01032364360859295,-0.00858226850241838,
-0.2570727206885802,-0.5200384863909318,-0.46335628696705583,-0.33412047810227363,-0.15396637467569219,-0.05938788032064242,-0.13433680532268022,0.07462218295624659,-0.05211034507687938,-0.5400934083244201,0.05769684562255332,-0.26750249431754697,0.21789567036506022,0.0051044511684864066,-0.0033664092639410243,
-0.4906034417127302,-0.6608562857570904,-0.5867653884301188,-0.5915501813094391,0.1670254714986343,-0.08873147136769521,-0.16033074057456906,0.14424194898147524,-0.08431603907417433,-0.7328323296052595,-0.0500662296541864,0.020278387545562895,0.13853162422792206,0.010435228863849766,-0.006393581934371134,
0.38121716828769836,3.333135959118105,0.22597104712582008,0.06322826801081464,0.04836024187057645,-0.9256395241020134,-0.7172493766712585,0.2868914702587858,0.2229595818516001,0.43999209030732134,1.1450598799582072,-0.09619435873469696,0.24909333407410814,-0.042195996569006806,-0.021172734484766836,
-1.3786618430894955,-0.24624529183132263,-0.38543693532810613,0.9318605173328831,-0.3388955600675557,0.3055046007991671,0.1450179633634337,0.05159468169918083,0.2110067415775808,0.8926665635257529,-0.04722277164818344,0.11571552918211109,-0.13409772551324012,0.00011429245707729135,-0.004504889972240157,
-0.04953285476680267,-0.272484327959439,-0.188002774193484,1.3792307457677664,0.9898027912647854,-0.15151627076107443,0.18918923261970597,-0.9600896187527657,0.04327361202378755,0.22364960651310975,-0.08107031985786385,0.2696207251912645,-0.3281028322349576,0.008727286920087857,-0.009049063554373918,
-1.0336928905459348,-0.09700524407283544,0.12991719855818024,0.7724841732967186,-0.46546054421004823,0.17206564272796632,0.1648583962401261,0.12278020125103838,0.6731728668773179,1.238771827745629,0.2563082398106545,0.05762228409924598,0.11806294867791274,-0.011615199645357803,-0.002443772311304617,
-0.25585924882125755,-0.15701753788892284,-0.43040064786214155,0.6652265189461277,-0.16554249689299153,-0.4000435648138939,0.055208397380562706,-1.0381132397647939,-0.6069426769527768,-0.017665811547561413,-0.014036862723144559,-0.07216503238160987,-0.36988093023662455,0.012570677281827309,-0.012319327140301532,
0.6900823812808471,-0.3019386100716871,-0.9000876944758751,1.1512771787881084,0.3036141574123744,-0.05171548068944313,0.018433385719157615,-0.8482527825232913,-0.5184852080020164,0.3346992379677067,-0.40268884747132816,0.14671239684304296,-0.2905946382913788,0.013936521552178645,-0.00599473181449664,
0.8387805866399883,-0.33157471144599643,-0.42035748813181967,0.3925790395906443,-0.1750699358114693,-0.3119911950795206,-0.0550067782420908,-0.9537528799700583,-0.267861046696624,0.6076902390797791,0.4083799562758938,0.17699960641432136,-0.012409831449284642,0.006355174558689876,-0.012207796694969183,
-3.253946399245854,-0.5989941515026624,0.13780444605793865,0.10620863939093104,-0.5804356470522813,0.37994260182519185,0.11992584766521931,0.8642132458958864,0.8110514897009101,-0.055615605618015804,-0.06436446097065107,0.014576730216897725,0.07439487701880138,0.0007635848286554961,-0.0032751682316117473,
-2.0754359928157906,-0.05103029203391019,0.16683266421816026,-0.18793441844171527,-0.7526684472910758,-0.1928829240699953,-0.1121991844412439,0.0003044752676858252,0.29906606005579994,0.2518208599026613,0.39095113282484245,0.07028568501265416,-0.4254950401518107,-0.009826713538177512,-0.01412695883961352,
-1.891715046344895,0.3047299568003102,-0.420251256477272,0.2671689714369264,-0.009435580084736862,-0.5361436246574269,-0.3358639275850227,-0.8986260399111319,-0.1431470651009504,-0.1745395940919483,-0.5511669372340925,-0.029475412050274156,-0.49614713047503933,0.007064610648208507,-0.010102329389832028,
0.19808163427332331,-0.14787084858737115,-1.0869684339633994,0.4611422915133084,0.38306067565584856,0.20350863723420715,-0.30674928386717265,-0.08426540462372833,0.3431528728656323,0.6532052327481298,-0.6708481544372962,0.023617670287954876,0.14118467339091492,-0.0006690280500473651,-0.0012774593731553555,
4.061613323112045,-0.9146967869185819,2.859974309777305,-0.7975199202561659,-0.32153927538458926,-0.7737141223512831,-0.7367620892794771,0.836669652392743,-0.11453796565975294,0.6151734816413617,-0.4316739404917219,0.10454440283535953,-0.3458365445376831,-0.009134873881852518,-0.007290577585119851,
2.8628603472375507,-0.7316098949092923,0.754388733502615,-0.22560297955469003,-1.0027612806977646,-0.09538655065025993,-0.45419543929900186,0.07557708233435437,0.3851512611060675,0.20488944071242274,1.2058985206723725,0.15817706172731352,-0.5388593879943004,-0.019688926750439577,-0.004329107346658108,
1.923362906348124,-0.11152801533033131,-1.1045352690538512,-0.11845781753992225,0.729136353172029,-0.17750517930878967,-0.1757879798223833,-0.16333565274074036,-0.31323218147376414,-0.48496333246205026,-0.21360564738493684,0.02230920753311829,-0.4503208991415422,-0.003161986030181321,-0.0009962209518209568,
7.071471472400462,3.3638010159292895,-2.8836937630251587,2.6502232407378226,1.6469190826681717,1.0083031230879012,-1.3075885822276248,-0.10112815883914981,0.5564268961923016,3.9929448612038145,-0.5623073128003836,-2.1887663797807067,1.0948878091563672,-0.07284228354505677,0.014077188860317153,
3.5048780150996675,-0.9316221962626352,1.5479420295194368,-0.48894694405842914,0.5596115043161373,-0.8280054342664509,-0.43938996451348206,-0.2734700429779252,1.1025700558825149,0.7792139746328139,-0.6905620918460927,0.5566560795642623,-0.4243208659426733,-0.00552029481087611,0.01714485999681057,
2.323841995786303,-0.6318504764225326,-0.02923716842877676,0.38334301041543073,-1.5203671013909899,0.3774205084790911,-0.545872224525282,0.6780518255427977,0.31907029751322913,-1.808129398894251,0.6751472859989107,-0.44638861266209695,-0.26060472036932747,-0.006967098277897066,-0.006950278150451598,
3.595383503409773,1.0876188823340631,-0.6860965873061876,0.5574491033747873,-0.2652752198631609,0.4941614100357878,-2.155784896052711,0.1947287617848226,0.3627101696349031,-1.0514819306309349,0.514554354248559,-1.2699429019027224,-0.21745714954552844,-0.035451262312465384,-0.0017187201417701112,
0.17393823926984567,-0.8179798331195628,0.49419535418685495,-1.838876065869574,-0.8099576454686088,-1.0386489622029103,-0.2783594677735349,-0.4940121710994035,0.7481895740330483,-0.2814137133272381,-0.01521399889186919,0.1203343415421798,0.3108362619886568,0.0031057588761036117,-0.011685235652081091,
0.502496879014524,-0.2675341153892104,-0.47777729928998386,0.2431952553632192,0.41918459068708497,0.2954034105135969,-0.5044016773631422,-0.10302142094082782,-0.5399234147037179,0.4955576388361813,0.9735417214552612,0.08387062082224292,0.05881094188569287,0.015246561985709435,0.03168845726805757,
3.203055729753562,-0.841185874252447,4.005117777163796,-0.7580848166017952,-0.5723046192235283,-0.7271781986350805,-1.2258303284682566,1.571592276969214,-0.8819183472372357,-0.24046329347026812,-0.8698222995117179,-0.5700344996674412,-0.20519062711327563,0.01297436967907227,0.01530820671283022,
0.034793223579410844,-0.17929983653634232,-0.2801432422435163,-1.709696220769871,0.7377733547793097,-0.6822795427732282,-0.18923385964439385,0.03351986939851068,0.5759188279002098,-0.6752185487105701,-0.021497355466048126,-0.0677968446109572,-0.2805867301713849,-0.012598653939526713,0.0010114024863727294,
4.787196618901333,1.4631614969948359,0.06322704666895017,-0.0665023101033169,-0.9942476030368823,0.40281304537137763,-1.0274701866717597,0.7102187845801822,1.545735835889003,1.1440887257649017,1.9409419437773057,-1.8079599490153218,-0.04971407483487307,-0.0851719697473341,-0.0007993567033902132,
3.0022088406187644,-1.4894314528632522,3.343306146912686,-0.34290427483890096,-0.6543119524745409,-0.8109825860464823,-0.4430529630677334,0.530136830591064,-0.5637754264998757,0.5433631384791417,-0.2541744408250976,0.3532846948262094,0.06079193627253515,0.023766155522723067,0.003633763166561124,
1.0681369763555648,0.5822669664833121,-0.8507521712263731,-0.05310133141408095,0.5157390727740332,-0.013861437245356276,-0.5207760331638595,0.3547677294914019,-0.4920521162557256,-0.8295365948306476,0.19429676453745287,-0.3416595450188641,-0.2742761914976373,-0.009550316696999343,-0.004781439901885858,
4.444313981768257,-0.6528189432888107,3.2979862475146478,-0.15660214755725063,-0.5519501098784053,-0.3816727560697318,-1.2226375387892716,1.0512098414729178,-0.32100550628897845,1.140683961072721,-0.23049361180450034,-0.3842497006299686,-0.41076544421718336,-0.011484978988085669,0.011140396027131266,
2.912627922007806,-0.25147141557241487,-0.7077450882818185,0.8753241277853809,-0.689653599824758,0.36607388041813627,-0.47644529044795075,0.09179913793747133,0.14334360198070384,-0.3419191231214781,0.2507972995254471,-0.25465862995484023,-0.30421006138354467,-0.008946606325062624,0.0007215493601068146,
3.9672671067102896,-0.5945426697010672,-1.061896781505223,0.9749920161612351,0.023057205793216524,0.1580290653541948,-0.35426286113721184,-0.6917313854588841,-0.18926113113945822,1.1652871204509614,0.4097986105164068,0.9517906949750208,-0.04162810306944726,0.005337109563677229,7.316049315595842e-06,
1.8722032636739945,-0.5712093709523495,-0.5320431864152149,1.3988769939136614,-1.1912800189290167,-0.012975404627878273,0.48128217076158664,-0.38113007056527737,-0.21362836332403823,0.04246486480005171,-0.01565779116815383,0.17560754378531312,0.27424679222331844,0.06181371753517576,-0.013142662386944762,
3.0673108903689728,-0.24036987906293703,-1.1992073379802854,0.5561164794707179,0.38503564946937713,0.13332643930995336,-0.6114429003230207,-0.2917335432489338,-0.13263617266739908,-0.463469744387816,-0.30848784664617,0.006231772274298546,-0.5327308260550937,0.01141714118281783,0.040819144619660276,
-1.9484982464582241,0.24707288227520802,0.2794662461917565,0.10052145783864042,-1.286145025153766,-0.49952899052380895,-0.018771563217013794,-0.3083203244353283,0.14406608011018746,-0.1896086010817324,0.26444421912284094,-0.13681290957410788,0.01527105563385023,0.003939113603238741,-0.015173323462670195,
-0.9468466649986952,-0.16570182886389817,-0.16735989996648365,0.5478520712370201,0.2798970269105155,-0.07636259290761699,-0.2932013934058878,-0.7583581540963308,-0.27029999369753627,0.6780429340703431,0.478873923078609,0.07355303419570045,-0.0629135498365957,0.005010141006693444,-0.012152160653090703,
-0.9739814638954257,-0.627117917799853,-0.026914607442282596,0.02718828365383839,-0.8277093957436449,-0.13323911852823903,-0.12656937538523574,-0.2588964363576412,0.002673795191672708,-0.3827479682331847,0.29606851181071236,-0.07418939581709151,0.09202517240606849,0.011233761645431982,-0.012175633513344674,
2.5815555664765144,-0.5700626481625606,-1.1811362827318563,1.5728872063015087,-0.06636619265115078,0.5082700736042003,-0.8351422086010545,-0.4493784942651331,-0.34856799728209026,0.11849098714997418,-0.3740628718267845,0.4141945172530562,0.2735132676996074,0.01091629062694663,-0.02792718200700161,
-0.3701735368272371,-0.3797011830005062,-0.5249302232475952,-0.09418051312734246,0.059175790214309874,0.002779591902697468,-0.13657417726383966,0.011686663548304449,-0.14318981947250978,-0.32052603740966473,0.07191284779719449,-0.19033473205533602,-0.0421445071572587,0.003519029287122439,-0.00631849422956412,
-0.9295880317123281,-0.9613029413154078,3.0355206806481556,-1.2948698963331173,1.2321969181896162,-0.9498535385614636,0.8488196594567122,1.6546567654409934,-0.30958734100459384,0.05902241193270562,-1.2068219358157148,-0.406094330621186,0.38536465526797486,0.0220330470929926,0.009481648332115867,
0.5781606223301837,-0.09117730821139923,-0.9368031430486583,0.7351861150161417,0.4251220670353915,0.03711759213564647,-0.33766938397483576,-0.5560768065042696,0.2684650177243173,0.8594732347315354,-0.579438875569876,0.11271622695091484,0.1431568300563456,0.003481985049757435,-0.0008590973149319765,
-3.104473176232882,0.49820398039617925,0.4530898321147165,1.8088828298983732,-1.900418538462608,-0.45367631780263823,1.2827402425419132,-0.6115191350260394,-0.01534145454261111,0.6839641778680733,0.02889364361808411,-0.3977790768889133,-0.2480348973468362,0.006673172832258456,-0.01882590201691978,
-2.495776282068208,-0.6071820349791405,-0.4884297701051036,-0.014216108948598382,-0.21054857016336576,0.12961829651459855,0.6881771862865766,0.7320321075520293,0.4959875158582058,-0.16254763940540093,-0.658746520668636,-0.04325261486204401,0.11630772597269473,0.008345604708645711,0.0010954442478408666,
-2.1519555145538605,-0.5479218573098272,-0.13442795588132564,-0.899966392257136,-0.3071807887224131,-0.04689592379119714,0.14605032338224694,0.5558953518853873,0.6924389825238023,0.15693835797538985,0.04032946918577569,-0.028045085898925237,0.033313520481334305,-0.003024990920601667,0.005607997199652525,
-2.633835234229519,-0.3252895378509643,-0.35894196980280724,-0.2179210027586638,-0.13637541694113742,0.1653335629883558,0.20901360748757464,0.5460758061893309,0.6437865622814694,0.42207764070882664,-0.2889985097236658,-0.08636376556287495,-0.17637542810803036,-0.00828298036412928,-0.002672589073766441,
-2.047443589608351,2.232482824774577,0.505620648932253,0.7019464099724442,-0.76812866420388,0.1396817626259444,0.035732647437748725,-1.2244720325267713,-0.9781484264744275,-0.3955151826773617,0.20799974415570094,0.2469949088547753,0.2942832723245654,-0.020296152270581496,-0.012031394725515818,
-2.1522445832698125,-0.5480875543895858,-0.1345821041059282,-0.8995576952264868,-0.3075541989527698,-0.046304403669234065,0.146252409126739,0.556955049594978,0.6931450208981915,0.1570994737612198,0.039862897776551734,-0.027900500708109666,0.03324630527335293,-0.003042290194759624,0.00559984976093159,
-2.3769803339514746,-0.4762803303475174,-1.087655990036886,0.8105521249788993,0.5761991862643466,0.2743671404527039,0.7078386407340531,0.501698733230415,0.030283651237548552,-0.23278951354469743,-1.4632673277527684,-0.025656307848396148,-0.025499814377932677,0.01991266343197178,0.0050446868309050995,
-2.759877426201867,0.26062805964886016,-0.13413485455324028,1.1884755299713206,-1.7240065699044151,-0.5998597263506831,0.8947511340173296,-0.5946548105826629,0.9016709530961645,0.1426473274901923,-1.3901241105065978,-0.4152172475528662,-0.040570582963834464,0.00887753455335913,-0.011316524947563415,
-2.209088025845412,1.0457175898090019,-0.2572152285751811,1.943482552527634,-1.3608567608508617,-0.16226899475330991,0.26096467055939376,0.13375408846917702,0.06720919677142366,-0.17218911213556556,-0.8282229156325177,0.3379325229447943,-0.2947945766131532,0.008139964448048265,-0.016375746528774125,
-2.542402830174331,0.43542788184587244,0.3333065612005999,0.3463775588416781,-1.020302304245574,-0.4134579878823111,-0.08762266562177666,-0.40476057635141965,-0.056551404846576926,0.1743436150827278,0.42941790395855034,-0.05123505097325017,-0.29721365037735653,0.00023126618233731573,-0.014674736157907264,
-2.613803226123273,3.499073288596465,-0.06857383532799426,1.2558357695736477,-1.2754192540288911,-0.34456602312302825,-0.31156627969694173,1.1052293396549426,0.5325917884771693,0.26457207504091357,-0.19429194537462155,-0.4993540669267196,-0.13573436342609468,-0.03770161163883123,-0.012445142496453275,
1.281345708226088,-0.3117603580304807,-1.3506450990218293,0.1324997643002842,0.4699497804225928,-0.09880156767290653,0.5389374423117599,-0.04214223156545445,0.2879733750928119,0.934191834301737,-0.7560938392756394,0.27712554560457653,0.11606196776495854,0.0023588893419948923,0.06698038690584016,
-2.7638309546499236,1.5585364080905135,0.038206085264191274,1.159450841721626,-1.4564895135091631,-0.5675268125653118,0.3584619398603074,0.37488834989203174,0.5617236421294993,0.0039834678193224424,-0.6465606716579901,0.5449078647376716,-0.0720370318987633,0.000517365199698446,-0.012229838679660116,
-0.23454695954432989,0.5747264115337678,-0.4780412895145377,-0.14499799206350356,0.06924662157302636,0.23351447348414675,0.4202549437133236,1.0668246181217267,-0.28962638367448545,0.10629553720444736,0.8551559399215867,-0.9759156433958621,0.6330391031018787,0.0044834343959009,0.00606747142774389,
-0.6981399442526822,-1.1752453827928744,4.692141739901045,-0.6877987187678773,0.8395511356811416,-0.6432488336473988,-1.2085643075793409,1.7065227855220029,-2.0381089005888655,0.946019964220873,-1.7776762462340079,-0.46307815114665557,0.19567235043085768,0.05019068200499472,0.022895694772099053,1.07
-1.6468285566569818,-0.04697152276634628,0.15028966112009404,-1.6721171278844573,0.10822015954673422,0.7921614945917848,0.1382557688503914,0.20253642165757174,0.04221854634990737,-0.20012744143376207,0.6080939062751729,-0.22760451397549616,0.3314136830946715,-0.043897596568926736,-0.005354705695012344,6.0
-1.5359620119686739,-0.06942296435356923,-0.016686469245511263,0.23233124241646222,-0.19688537530355815,-0.5139444143767037,0.3465356121546534,-0.6432058848038538,-0.1286752206669311,-0.07953956011031485,0.006647345482074566,-0.32539463457546186,0.21674703714126972,0.008424863364155743,0.0053686529054364366,2.15
-1.6861969518520608,-0.5151036162894275,-0.3176543210044804,-1.239464323031597,0.5357592062737686,-0.19443080533810564,-0.06123683916532269,0.26879603365535865,0.15637481219518148,-0.13727822553355984,0.31981389235008406,0.06456008398360018,0.11817047791510357,0.003465167947001283,-0.004500104599228974,2.15
-1.4931927971677892,0.08091781422959804,0.243409930434046,-1.7421294872827178,0.1738253053123197,0.950272493890316,-0.03131707240238818,0.016170736860948363,0.01468793426347959,-0.22919185888641508,0.7091755852826731,-0.2910720095773364,0.09317989628800416,-0.05131025501364965,-0.003912634585708507,9.0
-1.9663753818032306,-0.48022063029935885,-0.08247498116020444,-0.11582335720179734,-0.29487442584017004,0.22008256353254366,0.0990144922297381,0.7167987762742966,-0.2636564476651445,-0.5235583997050917,0.5356359864428913,-0.09240867339277925,0.5500280754863153,0.019113237062018708,-0.006867330257869872,
-2.803018378791065,-0.5407828490672768,-0.48424931085333267,1.2107928166992283,-1.250588185431539,1.3155089555176547,0.6612192830268397,2.5715409810348295,1.210226677911876,-0.032226126632447935,-0.7948852847056547,0.10201113793498114,0.23258142688815903,0.0021265831980620733,0.013792605248296239,
-1.2684941565737806,0.24531296043943687,0.3031785980100143,-1.8427774151575296,0.17776750654854062,1.1015527206425684,0.782936221860265,0.23616771861039434,-0.21667193586161104,-0.4072869223088706,0.7343199032204667,-0.33906053644809137,0.30393820383424974,-0.05135112974349318,-0.005179947208195429,10.0
0.7735440004361728,-0.4294967440172837,-1.2263863952839702,-0.38521407569451865,0.9729795563620902,-0.22895464579485542,0.043647516389193425,-0.26983609697277927,-0.30545738977596026,0.06630230305435059,-0.45277322728872166,0.23359702419685788,0.108152854166935,0.016971235823988653,-0.00794253699716428,
1.4958498503247186,-0.44148577516132775,-0.941423672856046,0.18851078898418852,0.4238494055696403,-0.04721167513476073,-0.17969477881991994,-0.41939809776352927,-0.4422477916099433,-0.027943125520107387,0.0363147096331187,0.0519042922070175,-0.021882514478045168,0.014525292686181282,-0.0067324474793933895,
-3.7563002996798787,0.37087971942819076,0.6589699462226961,-0.9972492624368753,1.3430980705114375,2.4910673715289615,0.09691688636720858,-1.0960516701495622,-1.1917725856657049,0.08839241171644688,0.6711896268951287,0.5754240628754126,-0.08307496977595957,-0.07327351826489492,0.0323824900032383,
-4.663584370283595,-0.3606281757141797,-0.13826835017538766,-0.4200025694753247,0.678237964873659,0.3201381603506708,-0.06237329525314796,0.5705885742076311,0.03494544460806028,0.6786556318840311,0.11457618676030333,0.09589450519546912,-0.22307565497715073,-0.010680934904876692,-0.0034674773147254307,
-0.5447452625158716,-0.6890005754515696,0.3950542778563925,-1.7900666204565088,0.24703898333473584,-0.5604422249842547,0.08091381427243605,0.13726640389281883,0.3460822611510617,0.7966380850991418,0.6499792458201219,0.3149644083569418,-0.02193470443210148,0.12888686470446473,0.3484345897442316,
1.1263523904344817,1.7661037686553593,-0.5973834247083821,-0.9719337186392972,0.6175123499021036,0.6483807330486316,0.710790353058842,0.5983192013002505,-0.26580220040282515,-0.0029461865931050767,0.4022375169919268,-0.9095971329302093,-0.01953449254488233,-0.04788850540789211,0.022103799384461886,25.0
0.8410103537577778,1.1876681215052445,-0.8784835923050819,-0.4209946532439362,0.8727296929035072,-0.13967474951377304,0.33818936469022465,0.8086417152027835,-0.5685155603372487,-0.26177228803451424,0.15671806551648274,-1.3019323798126525,-0.4802612896501239,0.0027855363083228867,0.026321487470926937,27.0
-3.07194667115803,1.498574620935,0.17922549630379994,0.9628423431885861,-1.2686315440465266,-0.2915509305708147,-0.049209704562374806,0.4495368817943327,0.4095853019120189,0.10242862292107453,-0.09846698857458,0.14212421240094245,0.034383102643536466,-0.006219904990165416,-0.0158749159498988,
-2.9017172063247987,0.06787382368334981,0.17762116583673282,0.7814362428281796,-1.3223452095751158,-0.26621487454305803,0.11761851030989708,-0.36736476484601127,0.268082757010826,-0.05847461513594563,-0.21833273865217798,-0.213846272496881,0.16838055090212567,-0.005529449169662881,-0.07477993624958713,
1.0229419665912234,-0.4068933936626964,0.16012265437238835,-1.0700396613310497,-0.18719155855992464,-0.4726435715861433,0.17202792136168468,0.5287833179420507,0.09540112094174419,-1.0846845377341985,0.3993532549160282,-0.10218897947331458,-0.2589519419263822,0.004643720347440199,0.0026322487830283555,
1.2983954200270433,1.4291485005461124,-0.6109242819069535,-0.8639136589173795,0.723629357227917,0.9406858919394502,0.7768183586751571,0.39289875286862025,-0.5068618176228543,-0.21615577751600823,0.019675340373124788,-1.5223843376714261,-0.20562382770386914,-0.07356375987007133,0.001439296536453963,29.0
0.8743905325787015,-0.3764509986087496,-0.9539522827377118,-0.34917281302459324,0.46163807549956143,-0.14283339474777818,0.20783977990849115,0.1702908873480388,-0.2877587097764946,-0.6779205863829013,-0.20595561601303405,-0.165258979578927,-0.052147568145554844,0.014359503714088534,0.003679182028416215,
4.4329092226207205,-0.7365718514249556,-1.1503139079076,1.4274151084116378,-1.064114606930796,0.09802312965637547,0.2193420923294288,-0.32382232045432907,0.11026917526167607,-0.1508299351646545,-0.5752763378122856,0.3147052147715466,-0.0561084520003028,0.034528731700296314,-0.0025899183706196726,
-0.30640708736281413,0.061634545091158455,1.420391783425984,-0.621561079564059,1.4751350539448072,1.0475044051270759,-0.020542474277334175,-0.3021442903188055,-0.7304143055583309,-0.04980526245571904,-0.4199289149376048,0.11884949915081705,-0.09150038955734338,-0.03321566037862943,0.01177657846871331,3.26
-0.6843490080572388,-0.26649473433669063,-0.7836837225018234,-0.43075767251954195,0.8129420294313209,0.008956520582552769,-0.5116358291506601,0.031346833526730046,-0.2726923569278657,-0.5197571485834327,-0.12354280743264862,-0.04894417648631622,-0.13850744916150978,0.013109746107883874,0.002358315090368838,
-1.548809451120853,1.106177993145518,0.25054231170195457,0.11538293617562922,-1.234972852833578,1.2762110050661473,1.1598336774842513,-1.5515827259238553,0.3595022840407581,-0.4511223927994564,-1.5223589090679785,-0.24121815795536133,0.2890358611607098,-0.06962979778298256,0.001837849553460976,
-0.10876480497063595,0.08021997786746128,0.4888385899727424,-1.5988874797812895,-1.2206514301192108,1.184185881932433,0.4872134062781442,-0.4466607831548354,0.5937784486686055,-0.33396601107673063,0.1826140913767333,0.11250587497285627,0.10167342901960624,-0.061974210927763014,0.014713014382123994,5.54
-3.289632892502192,2.0099245135765824,0.9074553041348371,0.9747035310786294,-0.5088009413724651,-1.3664629230266045,0.04694259644551489,-1.208924535913411,-0.4357987555966113,0.0681739990107059,0.37205228341806057,0.22551769852889397,-0.05751118203986739,0.015343068278929277,-0.024339639941142494,
-0.9571187087275473,3.1701768291215173,-1.1611216078508648,2.3560752317097413,0.998891914418479,0.19651414379477145,-1.2126818811592732,0.8621746562560214,-1.3550545928279814,-0.33479288180477984,-0.4779548681966098,0.8036903901910741,-0.06893182728791424,0.0167487576414467,-0.006675903348493113,
2.091450698839139,-0.5822345887633555,-0.5468861875522742,1.1346001614502668,-1.702392511046159,0.18365841143125652,0.001033181918263576,0.5480155702662471,0.026318469762103117,-2.0532055380496264,-0.5784191996000059,-0.15812919440029574,0.034730282086314644,0.14553525859882688,-0.014374021355339044,
2.140683890056982,0.6305177141740473,0.30371329082090964,-0.5016759119111673,-0.46710445402484013,2.1458912294489445,0.38733196757077387,-0.7215799308258483,-0.25805449382467427,-0.6188245984110999,0.46103999550236724,0.14762301563570882,0.054392764373934935,-0.10661897856960906,0.0017329018571370803,36.89
4.1304575211293235,-1.0266387478687071,1.6821880385669734,0.5751906193366856,-1.8999074457615595,-0.5226221363540923,-0.4288839555064095,-0.1696764977542982,0.19118911223458737,-0.3198759489974871,0.043647160877060456,0.008719309839559512,0.05034369090939314,0.029471748418410035,0.003385086910034155,
2.1248140964266695,-0.4767132379662447,0.2079549102911588,-0.5348254230363789,-0.8615722670322455,-0.2670586779582629,0.38144474123703453,0.3637607210627567,0.7964529034713331,0.10393357857984506,0.8886682588012912,0.023543053340471447,-0.07753872350033411,-0.012737888739138743,0.013954216068381785,
-0.4097955127961389,2.5716446328991203,-0.7877015495185102,-1.5232031411863862,1.478641251433813,-0.7873404685365393,-0.6575877108336893,0.7879334576957828,0.3869849017299651,0.17583241167817723,0.11621707367162289,-0.24718765707566584,0.08753800109710821,-0.04729295846432565,-0.015717202826724078,
0.2765069879624427,-0.13467373045219544,-0.9316361773525103,-0.37498036562296966,0.8849348786417143,-0.3975308085213833,-0.19808415018619505,-0.6992624922860974,-0.13655953568738102,0.22906536758984028,-0.3064726444692374,-0.0954081432869998,0.14077677567672253,0.019929721075423238,0.032678005435371,
1.8607196517834832,-0.7947901214453834,-1.0880377264950625,-0.07724417310243649,0.4045195330410316,-0.13099632214925286,-0.34131476046636555,-0.43749342079133796,0.012778911768757976,-0.0833468064433899,-0.3585571778481495,0.5308202433585845,0.5531769652528384,0.01794535486232004,-0.007190136651289428,
-1.3723186663613882,-0.3663722314267473,-0.3611197097270599,0.4984970797618529,0.23643077325671732,0.030426832829285773,-0.3463124469000378,-0.5131570473265984,-0.5542228183616238,-0.08324243171750477,0.13457171735102239,-0.05945049541202008,0.006972813671807172,0.016764521609607404,-0.009670105794852618,
-1.1878182504276213,0.19095023597515898,2.8125722838892493,-2.0143806818360708,-0.18986028920194428,-0.9645942322163955,0.5886490976281146,-0.6991231625468526,-0.04188227888218496,0.9794243237190998,-1.1839712441433705,-0.060344343380422195,0.29239431230097535,-0.028138340925759862,0.019070057164633343,4.31
-1.3449699938754553,-0.20410849265792522,0.12172736124196983,-1.879223126893368,0.6342959082946475,-0.6131713353647519,0.21000926282455085,0.20981660979937028,0.15661942978463114,0.5429713212391701,0.3460695954014806,-0.2947255308508477,-0.23454940113105605,-0.011706842432611692,0.001971394554258236,
-0.2540789141152727,-0.8936843446828873,0.2376911397931337,0.9121506352507349,-0.5373464248912787,0.6544787570061172,-0.2760290953872219,0.8301377461466884,0.23460978760387188,-0.3933765356827744,0.3997092882039676,0.2943632592267856,0.3476889569574448,0.02132720144341151,-0.0025235408997830444,
0.14736641844860765,-0.4681652788835253,3.115294914864174,-1.401159514115593,0.49555864584198295,-0.0018657468066371882,-0.4581447012133695,1.2498823218779094,-0.33244237826693257,0.572281380678084,-1.520154001699308,-0.30623613787473847,0.24800358535148626,-0.0026033882321603065,0.019288914621996545,2.19
0.5871445962229391,-0.010396788442574483,-0.5761859054093388,-0.7109516767327294,-0.06077596509024622,0.5639784944181744,0.24452045856553922,-0.22728341430533602,0.6644171973215439,0.16432466652750957,-0.5099478237524128,-0.016891837383857505,0.4760873693128933,-0.029659048230796816,0.0109849577100081,6.66
-0.697618356654145,-0.475812806192833,-0.457086640236583,0.6894512755641924,-0.14712443005596146,-0.10427221251320802,-0.1804677912722343,-0.6266146559132768,-0.39378124318197044,-0.36865326030211054,-0.23291032937768413,-0.006033317942459973,0.14738954325328038,0.022529929696445974,-0.012037740130119006,
0.9350622780414659,-0.2138125140556267,-0.7833188071295335,0.16050693172615715,0.46583075402501617,0.07869688271851243,-0.27686280530853247,0.031725658243428365,-0.7282611275859603,-0.7650845116257384,0.2654354460679527,-0.19440498151534769,-0.09918342165751377,0.004125963328625309,-0.013320496315391117,
0.8043912962740677,-0.7633718757805852,0.34219042015809437,-1.4033851313899612,0.061396121780933795,-0.4731727099445113,-0.31301928075653385,0.1335513574996053,0.47141970529964466,0.13879329694961065,0.30747224216777996,0.2414824627863029,0.08781096353563413,-0.006093049574464419,-0.005157989539008177,
2.0357755568403353,-1.3230714453544534,0.3882952569962013,-0.6602475638278434,-1.0763313637905505,-0.18220043628749974,-0.21663876903774457,0.23981042832401328,0.8383606267045252,-0.6753405763339145,0.6727920976611182,0.5580369180844001,0.19369619504241792,0.003928600912696392,-0.0032623145677028727,
0.9537983597927715,-0.8461636022347108,-0.6723102696385385,-0.0054325761368329275,0.4852124229056391,-0.06828447883964579,-0.15339164891422072,-0.2248673767081797,-0.320002418374958,-0.803702806991993,-0.0012128904855911455,0.38278518367226033,-0.29966410815011546,0.012312424464154606,-0.00676657832874258,
1.183818039311687,-0.7993892267373683,-0.8320671932086612,-0.5216232604851389,0.5202951856392439,-0.27349398251132867,-0.10077812006804479,-0.37219947065563236,-0.10708425602308891,-0.19149253685297568,-0.03496066687801241,0.4926613105637347,-0.048020102151293,0.010093966945402858,-0.0032077626607874897,
0.8196095612083194,0.14925197938679252,-1.0572270458550808,-0.11760905949049369,0.9508636869724192,-0.185781597059878,0.21365016924390579,0.19164943204416335,-0.7741950782317198,-0.5412566849305771,-0.0456402438846239,-0.04958653289837583,-0.06144434284527174,0.004260540558128436,-0.006022076633415794,
-2.6331070560130097,-0.78244931882158,0.017366329947676156,0.26263398277539535,-0.3476740957114964,0.6286216627788668,0.20931001845214353,1.194940677746535,0.7386063081090632,-0.04245157695988836,0.05888919119920158,0.1792017410502885,0.07453711058918813,-0.0006344725481355752,-0.003462026888750261,
-2.8215456282410276,-0.7386007284120325,-0.15112876902739916,0.17593046026732465,-0.4621736539174057,0.5951431974673191,0.14287896865806407,1.117285261438205,0.6039791877033127,0.0614720293406405,-0.0975148345090104,0.18114265309399452,0.00047043011555257075,0.0029308435948942665,0.003083915996624515,
-1.9440986175495185,1.3468869804551544,-0.19326955440936122,0.2008698372826755,-0.3062952849354045,-0.617388952202773,0.05733351608572318,0.4467818674941215,-0.08384093765063932,-0.12417882805190024,-0.18527908826602973,0.8631189429332006,-0.3157588946979185,-0.0008568786797872144,-0.009585143734430937,
-2.2569424899331727,-0.3026610035232635,-0.71702962086993,0.5242968511041722,0.008507292611639378,0.7373744901243956,0.19205038697045748,1.2273597474350486,0.5855408883821607,0.26257055942957336,-0.6287467459375607,-0.16386996124602413,-0.10209791038026635,-0.0069760724481002095,0.0031857443171786977,
2.145144586514409,-0.11762659443964983,-0.19675865311390017,1.777315441527816,-1.1706208010232204,0.6613901621230409,-0.4378508069365847,0.47251022675930027,0.20509013608189905,-0.36687235133815116,0.21753599144062438,-0.281708333061112,-0.4543062310880697,-0.009932967030726226,-0.0030117661624356274,
-1.0506010974967968,-0.6092213646827187,-0.3715065665398281,0.7844661194043334,-0.689491637375986,0.8079477217912031,-0.5104677557381627,0.918192169286183,0.35490439368911464,-0.4254447416576742,0.0025993679603113365,0.09196718438285455,-0.011504788391092048,0.004659263717044153,0.0006453287511772908,
0.24441990898403393,-0.5247904197693056,1.3611490438141636,0.02936973539954857,0.5693660849577753,0.04269545541127095,-0.8402858838079724,0.4741544108322325,-0.6427432746947449,0.5690836220395621,0.36035635811931815,-0.09494295245742458,0.35624591813604606,0.012106290628469601,0.00017888961834931262,
-2.1232372108989295,-0.10742194278670271,-1.097058277259295,1.3440038246443444,0.2162483331151073,0.9199684828735006,0.18005754076256994,1.189249926605154,0.436247494913924,0.18356677944431227,-1.3355240030007818,-0.263539803883318,-0.2768440681833022,-0.0016306792843089133,0.008829102660451112,
-2.4027385249011357,-0.2654444895647422,-0.568313445693935,0.5687535579667794,-0.2560317951177864,0.8033096723482276,0.06579612837082038,1.3678437292527506,0.4702748030292809,0.09043291503782644,-0.38903537958607637,-0.09932976417611566,-0.10333681822764967,-0.0052711050489659145,0.0028401786033833954,
0.5280531802279275,-0.2799945024369157,-0.6425826448438362,0.6954606938737733,0.20785824651350424,0.28610689607713835,-0.46731948312875343,-0.2102090712059064,-0.42344908730537156,0.1793862714447011,0.3372806755074159,-0.028111084496974366,0.23683030658368864,0.009366672931333767,-0.006336879323176745,
-2.5701731107487076,0.16380640609698532,0.2533278430213313,0.42555889813707587,-1.2704454949806505,-0.24642814269859323,-0.12332869749743113,-0.15944998457618245,0.31301370630074277,-0.030998908872742283,0.11060725033469468,-0.060690653097894384,0.14612569884736284,0.0070599681444975795,-0.013280611364277661,
0.9956809956273731,-0.33238714714584894,0.7924332480261929,0.6006329048233985,1.0142650112140366,-0.595809841406964,0.5883971606541042,-0.4773344822705243,-0.188663318605924,0.8969756021936106,-0.2519507126241545,0.10381447833880549,-0.27516448295052853,0.012450230477820207,0.0017850023411550315,
-1.3554055029939016,-0.5323799633897573,0.5974706512635537,-0.16797709329331692,0.6711986780754307,0.12405235291422767,-0.1286704100882886,0.6125626372440736,0.06568083815458269,-0.25917910405121974,0.5235608633153426,-0.060914074660863425,0.19101338418165545,0.0030915347630246248,-0.0054985730158857585,
2.4393225248641373,-1.1091605464166032,0.5930176366025,-0.6757007446810402,-0.9920881847839141,-0.5419605936415217,0.2553737527821948,-0.06553077241269624,0.66990455923456,-0.10158663881647448,0.6382244496645606,0.4380338357592623,-0.005728303803336966,-0.0034802087721669804,-0.009370148266306546,
-1.3544258804092832,-0.13641682548109688,-0.0816406651603595,1.1386769270270165,-0.5355840019673257,-0.2002753784315822,-0.043000270558238324,-0.8685498687679295,-0.9367129132058053,-0.42549159797018815,0.29684185488790604,-0.18209183694460174,-0.06766284959822565,0.015945059112236593,0.0019484985327641148,
-2.019879498108806,0.12170209704191476,0.5067186953093334,1.0090889112607275,-0.8357103952730801,0.20297197665205344,-0.47700431964818163,-0.1786503813588708,-1.1096246019347435,0.0001220901258195942,1.5880190962764384,0.10080958422815885,-0.17084025541422218,0.01278064092329735,-0.015909733192764636,
-4.340365136805698,-0.41015860988162745,0.6434690544536628,0.29594605037212013,0.8686934969228236,0.538939444194464,-0.46046043035106726,0.20754579479417873,-0.886730589703998,0.4687632215361046,1.6174882844274594,0.12524986160206855,-0.20549807040388443,0.007736628198984131,-0.011566731519444692,
-4.314549724723176,-0.33776235022711226,0.4909905388773635,-0.12807906306023717,1.354100137088336,0.20239901186633283,-0.3544549520203197,-0.07761979447472156,-0.7734531976418616,0.4701477101692737,1.191165655276963,0.09271403267393388,-0.25180226363892616,0.006446761919702435,-0.011930734430781841,
-2.1164280915462848,-0.57552560372518,0.5456523705512296,0.9989542851654365,-0.8533787442303608,0.36486700829814134,0.45804911710881185,0.6960696513197508,-0.031054441163930736,-0.19649699852901006,0.449395651015148,-0.11942264639085022,0.3522428678333344,0.015181282993587022,-0.008901329737218898,
-1.4942264767809141,-0.3641359393791899,-0.5172073724293907,-0.012516785465067374,0.18112108661047435,-0.15125350308498306,0.07804187534600648,-0.24552899648670515,-0.23942611022192056,-0.20954705503314733,-0.20830875340001725,-0.22075016851677012,0.1287359950862146,0.012052493028648964,-0.010093737096395211,
0.035380559359106216,0.2626430642202328,-1.0179663704347894,1.388230755444082,1.0054436178943083,-0.49716975536266955,0.2785869885539671,-1.678149628230489,-0.5048744688007935,1.2128406640471163,-0.9026835533429863,0.26178645143624035,-1.1634696012427508,0.0007909164687498151,-0.007075038969569078,
-1.6743563408462947,-0.6414254872681332,-0.06722306195516407,-1.6068206530637728,-0.08866030343650266,-0.4196959223092817,0.057206337844029544,0.25212111010993754,0.47468170871980137,-0.3073020343310928,0.2651346530346637,-0.02141782096140927,0.08986375846108809,-0.0044814387097561695,-0.010277018921179078,
-1.1568693664561012,-0.5412566675963647,-0.4598088500100492,0.09430537438921666,-0.08239017322078156,0.4159073319148515,-0.32562817488971496,0.5889782576818899,-0.12999962568802703,-0.5249805407064231,0.17120275379959674,-0.07960499503711677,0.23839872443982096,0.009674835670802892,-0.004966949173667387,
-2.7377359146725335,-0.8108551788643322,-0.09555168617187834,2.116856231690967,-1.7377513307514623,1.6164387907513131,-0.048270542531956666,2.0305280596979163,0.972211479910739,-0.09686093088586885,-0.30737204072369917,0.21202983013724727,0.2552960387952878,0.009176857890232473,0.007000795008662732,
-3.05936392979376,1.5733273497193259,0.9691136678258718,2.6112251354823415,-3.256632943428517,-1.255002317040563,0.34865956343389026,-2.237565884956802,-0.045465646894341606,0.35887471520463915,-0.06968321753548314,-0.7524397820408076,0.49347835469546886,-0.00621957505780488,0.024195714909910012,
-1.9669930942012392,-0.6495717844303596,-0.15641464948124523,-0.5760875011983068,-0.2945146879133962,-0.136491253755114,0.40406360327229196,0.374364519525962,0.28291721420321003,-0.27868618789279337,0.07708261320435547,-0.036770753214589204,0.31169646585144156,0.007561664981922508,-0.008870115541869035,
-2.6223824932158744,-0.7265084274328122,-0.18512936383974532,4.280957413287548,-2.174706549788793,2.612906341568702,0.00028644798033154625,2.7791770091711157,0.7947447651969267,0.007740314336117614,-0.47197726350196273,0.31108206852734804,0.1014593171001698,0.015481844109625525,0.015699534834295443,
1.976527179905488,-0.25708775382161336,0.49991455854712635,-0.051213669793295544,-1.3815237399137699,-0.2566688592455748,0.14474525392234044,0.4885458674479412,0.3628484809603218,-1.0419968877045285,0.9361488052084932,-0.132942567669126,-0.1739694740490719,-0.010704722770772052,-0.010280972017576292,
3.193202384562277,-1.5160083207187052,2.7286581861941737,-0.6575836755656224,-0.25304727059929205,-0.8744807606009383,-0.10731005610005043,0.5046948123202614,-0.21899952171070203,0.21266151053437585,-0.5189019139271199,0.41779904468936563,-0.6142851299637836,0.010030073190374694,0.006600037332205274,
0.37694739737764965,-0.07832992811247345,-1.0876525001775132,0.38903867547797044,0.657548980519051,0.3224954347775813,-0.555356223621202,-0.005868322894238385,-0.05903337007953075,0.35654547977246315,-0.303661419484664,-0.1281324754690384,0.06839762865625645,-0.0014630281534214462,-0.0021187667482233316,
1.5239886321855043,-0.2828214729969726,-1.0547940367245896,-0.0891934795804938,0.6316052736986062,-0.18628998718719647,-0.11250434856095459,-0.6036881812575445,0.10728286589068403,1.1451890766690709,-0.06245193591803102,0.407201130844483,-0.0908300568827958,-0.00656139683512635,-0.0059841248754101935,
0.8451093822084131,-0.35101407310972776,-0.5981225393740278,0.6618222891506301,-0.08897550912779498,0.3665097780423275,-0.6963465901159834,-0.05141474866944246,-0.04823470305424521,-0.05064105626491339,0.2371651934886387,0.004273951042415678,0.26009575528380197,0.006194617467119837,-0.005764017951902631,
0.4052799212280996,-0.27875401027767,-1.0351202272610347,0.3770588910672214,0.9068867417380657,0.08510566391523097,-0.5556506574545271,-0.5630351002286235,-0.5555304103454166,0.2556445297556597,-0.13955647095752008,0.10429443787126899,0.11659843645605159,0.012067619383887299,-0.006741830542820191,
2.2076193773139323,-0.44581639051837424,0.1715381037424217,-0.5743555176640428,-0.4105814654498144,-0.2967253425706415,-0.09548271140116754,0.03231074709348338,0.5305014361188922,0.4732114475883709,0.748921339418704,0.2192528908074355,-0.27450648563730823,-0.019734143443735606,-0.006523704279871613,
1.8385984025147915,-0.9971943536286348,0.27520708179163317,0.3984266584094902,-1.5150656603449326,0.20618985109179935,0.5442705780413243,0.7760315812929168,1.3736867146794152,0.5211562895551958,0.19463549353923015,0.615246930292345,-0.8497981444769431,-0.027033352739207813,0.007540730734541466,
0.7657492794251327,-0.5092632362355994,-0.007176262814782266,0.13580409202314989,-0.03393965206425131,-0.15754617395924417,0.05769703462717266,-0.10033698745931859,0.5810519597207487,0.4906059936474356,0.056129251178745926,0.2808878672845339,0.032419405828684404,-0.0036482629530833303,-0.006294387085256454,
-4.1460247042934,-0.4932457821296369,-0.3294026149371396,1.3479723700003814,-0.001571410164182921,1.2963137506693134,-0.16547475213162444,1.382876901786116,0.14374565663410604,0.5383220012266533,-0.10756344843399732,0.24365858648865277,-0.3354555469899362,0.0034858391552692308,0.0054577406136073784,
-1.2911318214194332,-0.4382966706218176,-0.5408241957919367,-1.3448314942948116,1.138867797017244,-0.4552860023775704,0.15648587832679048,-0.24065363538428652,-0.19047622404965728,0.3957974076670771,0.298998556690381,0.19370186179532045,-0.10251591258299,-0.003591012095105069,-0.008773269113484364,
0.014011548259064177,-0.3016759352727784,-0.2817510854948345,-1.9889196728216096,0.4679599683731679,-0.701772264635182,-0.2654033922727634,-0.0226392533511301,0.5190407121032373,-0.05483042548989102,-0.061546698079008935,-0.12650027521288115,-0.023986070895401366,-0.015178088838380394,-0.006687938499508595,
-4.661263279041005,-0.3440313282304109,-0.49491045876589695,-0.16549909847158448,0.9957390473638273,0.5280991027736083,0.12615881601042808,0.8919512825663554,0.23209918110757585,0.8620599370462584,-0.375157345068858,0.18877526741744813,-0.3113701279025331,0.006929708754673526,8.492034720366688e-05,
-3.2977279574575387,-0.46936698546796574,0.18892840414113102,-1.6079187962227917,0.18958768459475706,0.24655226590597734,0.01873215456174944,0.39499963975243235,0.35111045014732517,0.35394159330415065,0.5260948256369486,0.1574530362949091,0.026719883709654335,0.031288316357765085,-0.04882775668501099,
0.6074817017636995,0.06616800981916167,-0.6735553158301784,-0.9685357614749931,0.6185489252440753,0.72494626128084,0.21718080157397593,-0.8305029040251655,0.011228694118531439,0.08553660168158751,-0.5446060795417693,0.23323294872667122,0.36839124533742407,0.024587884374798433,0.15627467570363235,
2.8234397052659634,-1.118286937610894,0.5235409973629854,0.792218146915487,-1.6984456614375774,0.27377539533260387,-0.13154929162779042,0.29345099901652766,0.37743310522441287,0.27733672981638935,1.0295066319838229,0.6290341800211127,0.13284465486827848,0.0017561425078082987,-0.0005539548948255517,
0.07967242266086504,1.7208392992776949,-0.7935076271616464,-1.3661223016458657,1.2574213371440839,-0.9499701003406849,-0.3080933814388217,0.4169087729913327,0.36238067077167596,0.3006387586303301,-0.05012955666366165,0.8281832023642269,-0.03433127229626668,-0.020033443142612125,-0.010817041081685928,
-0.25477930330093057,-0.553143098212485,0.3240538501480637,-2.0279180917746995,0.1728905984644184,-0.9305131404795006,0.10047480716629413,-0.2462346285093594,0.6853890377601307,0.723311877270285,0.19369437407098927,0.1512946928027366,0.11952852074531095,0.0010448698316111258,-0.004011118371301069,
0.459855502220795,1.9450908680494818,0.14434674111161522,-2.254473923823436,0.34359739416240387,-1.2454209506017107,-0.49590129037268366,1.0202836535427864,0.5588171636437252,0.20497211591268127,0.3284461387508707,0.7048608912636924,-0.12489600684964114,-0.036984013898090605,-0.009908137590522231,
0.5054114545802669,0.2320231035388295,0.5056607110555164,-0.02537296012397173,-1.2263820652660176,-0.47130275996476406,-0.23825038931087486,0.03989996567991291,0.1691050407937485,-1.1324391228955308,0.7320691270278067,-0.1748026191864155,-0.3546283076535597,0.0002187176456998215,0.013810503459484159,
-0.13524847987038882,-0.2355468483513263,-1.1713189910048123,-0.9144177372773158,0.7524146103741045,-0.1261180746597623,0.08534409053577163,0.2214825468833793,0.8336425949623028,0.9301358042430534,-0.7267713124186761,0.0813383058782095,0.07369248418382224,-0.014784661609784868,0.005603164816471995,
0.8159800258312591,4.326590606887303,-1.1131700633437653,-1.2244535060440664,1.1288846758699138,-1.0237543319261948,-0.8785461647755101,1.5212545965695674,0.4955631867617026,-0.24491381171622625,-0.3273896269635795,-0.060398858291269765,-0.5151469051675532,-0.06814481294993364,-0.004508680684551727,
0.8007507435256962,-0.5711309768844318,-0.9916311726966831,-1.1414085517926664,0.920484657935145,-0.5944757126047111,0.2690798002986808,-0.4213721714140279,0.21161664979456496,0.2248999829965939,-0.3716421419880665,0.3617668003104649,-0.15210492554528557,0.002381348503022724,-0.003158924827733333,
2.7600838020734635,-1.374929095429775,3.428548521546973,-0.44856003583966714,-0.07957883457142392,-0.6151320329633726,-0.5295804587077018,1.0379761027662664,-0.9747820161765868,0.5106443392977538,-0.3136972528052949,0.034565264128684436,0.25725220524503084,-0.03366528271452158,-0.1156579554743626,
4.026607739083413,0.2906783411450998,-1.1803780496880745,0.4114597583212782,0.30084594271804993,0.20277658812104016,-0.7368448164099336,-0.33887190155039365,0.36486622304893995,1.5137649496156451,0.4488807545884153,-0.11872345000879997,0.6823501562431068,0.005872002250842925,0.03003963224393164,
-2.672001106124248,-0.3962673525296623,-0.395129294035076,-0.48109079319954884,-0.561573746616119,0.5985116321451773,0.851410725128917,1.9659463590966082,1.7129624886712007,0.9301189911285409,-0.5486449663778861,-0.0914719051721508,-0.28086984367793677,-0.02889673340642541,-0.005034464149722515,
-1.2296522844146525,0.7804552098249521,0.05860809102826029,-1.7998824580699913,0.6891289179516896,1.0777478059209873,0.7048720127338819,-1.2324842958765587,-0.2428581652082264,0.17017225962615173,-0.18760924771531348,0.04745930407904717,-0.2178442212318987,0.14759106801097815,0.002825695157814405,
-1.4452450209261252,0.7686230168346845,0.325680643269563,-1.726088115623757,-0.27008063611062566,1.7449134689330736,1.29435521769542,-0.5470626197630851,0.3518507277255447,0.0587086166752155,-0.44837621810036926,0.18005442472294128,-0.3260766085459053,0.17533246641757738,0.010547204386063398,
-1.068607400406312,0.7364222693685988,0.06690359592405891,-1.9390071659811958,0.7479101894269807,1.2583064178092862,0.6806967459308443,-1.1524742566562163,-0.23344336911686547,0.1099377398692606,-0.14832561326903976,-0.09636439860132012,-0.23382844688028992,0.1465359652284555,-0.014183218747851204,
2.3441762704302516,1.5292297315741332,1.08290930719354,-2.657282930048484,-1.0419802482650815,3.1392681993266898,1.9059158420234892,-1.688989363458332,1.2067647877272933,0.3566942789843565,-0.4039957884518035,1.1534109720003118,-0.018027008305437547,0.3963668261289378,0.051866551319115446,
-1.4747933009888863,-0.13648055369466722,-0.4105158173424159,-1.2623881881058832,0.7321669671142972,-0.5698863353587971,0.2564092364405554,-0.263507642244779,-0.1008661992794562,0.28114913833959154,0.1957495917494867,-0.1952872772074891,-0.2883171290094413,-0.009428190163436637,-0.0026728862896155396,
-1.1655014415516862,-0.12229938869531044,-0.47332376765115775,-1.391596414119957,0.9790115511271905,-0.5688895315820373,0.14841856344106716,-0.28314457537201165,-0.1580030272826888,0.32570273951279527,0.35143920523434774,-0.1014585468159602,-0.19670409806197273,-0.009617401522171436,-0.007685035033845903,
-1.3153300070887213,-0.23007326144226187,-0.26296704938029775,-1.5014621882402612,0.6649554223610515,-0.6927803699501112,0.1931545842770073,-0.38210398846155214,-0.08083444288930454,0.3097219668549372,0.42322602184096264,-0.03141939714124581,-0.18528633981848897,-0.008516372097609476,-0.005508760878092561,
-0.3413872111616258,-0.5252935557240461,0.2847171759412359,-2.162964237026418,0.42651406166281225,-0.8198070705911574,-0.0901983486414464,-0.13887278086378707,0.6122234774438418,0.7062610125728045,0.331451384994688,0.07214290570473,0.17043335645039548,-0.02140303508792351,-0.0047485490748066074,
1.7744313991089058,4.16126025920895,-1.3619097881083366,-1.2570083449820615,1.496555489622771,-0.637927187957725,-0.9741283387818874,1.2364934765416506,0.695811205482057,0.30798910716879563,-0.23126887344361452,-1.6248503451725667,-0.6263230283449834,0.060483676871977914,0.007116058502009132,
-0.3128232295875382,-0.2568076714030611,-0.8382654095053419,-1.4717343096825433,0.6990128246624238,-0.4398790916308807,-0.09986109580190163,0.0531161097514415,0.49467454013832074,0.029535475114944268,-0.3328868220669817,0.07881629602718478,-0.1811093244880158,0.009730985165595275,0.02414491703529167,
0.8364504296876552,2.943715041685568,-1.1116873122464814,-1.3171335282537684,1.3549068351021416,-0.4594219118084917,-0.7763968623329207,1.0329798888859485,0.7394455776310579,0.2732211920175306,-0.14525204315939905,-1.3745740551522814,-0.4298570886850795,-0.0547891037065519,-0.06797733918253124,
1.26859603122905,0.4640955075145018,5.316804395906649,0.09265062637976139,-0.14747629671740417,2.7861261365294214,-0.7269037815177336,0.2678934268996858,-2.894544465804842,0.1942523221158607,-0.7028192561470867,-0.15821237573851057,0.05175397020878964,0.24708187469896284,0.00030826661273936214,
4.283276548398857,7.965478675196265,2.9868935775213967,-1.4368561794695585,-0.1777442983859526,8.134248054217101,0.5125416619507193,-1.3190978983974015,-0.16110942576319448,-0.2230511895028359,0.4112288869505728,0.0014530184244205045,-0.0005161503436088186,0.03209634044768761,-0.07980797220248109,
-0.9666046513939708,-0.23646997284311533,-0.5724801108844746,-0.6226521122920184,0.5357915398751149,-0.30424905286031245,-0.12616979450832522,-0.3451575320167425,-0.09395548542676319,-0.012512281165272724,-0.02948387718240082,-0.16177258128715008,-0.2680964255342349,-0.0024757096304673315,-0.00773754748392047,
-0.8826682969432815,-0.587687753807692,0.2922744466629388,-0.668881476579039,-0.1514313890361493,-0.2962827649534955,0.2913560804535568,0.2595260123451978,0.9384687484209794,0.7512882289465956,0.0825613214302443,0.30769586524141856,0.252642533418027,-0.008716833190342653,-0.0037083409974913327,
-3.075482348170751,0.5929182308295965,0.8632703018891444,0.8874889441700696,-1.817333432256076,-1.4579228653118101,0.5869018345916781,-2.1858497274430464,-0.19813530967510515,-0.02189588662972943,0.08551737211357902,-0.6477409635150149,0.003995037133722052,-0.0016842034894568494,0.01199747044515768,
-4.217986007295972,-0.4677135687853417,-0.046502332363859915,0.6880368466886417,-0.4730369588485724,0.9850800031509632,-0.0343059455570643,1.3883855692036644,0.49770256804495555,0.43398015984151883,0.08836694072327526,0.08530432966512344,-0.12634134342654985,-0.0019438916267089542,0.0015922163399134336,
0.8182999425912176,-0.6343455717408877,-0.3329700401057751,0.0998480640200207,-0.2953102366788295,-0.1640429725122097,0.021688738815339666,-0.5013733289625665,-0.12434064126087857,0.4124282722429895,0.5453167450768293,0.353796929588037,-0.20404863022627706,0.00211848364769443,-0.007929435802918126,
0.47543886145498077,-0.3633885860847499,-0.9579535838397586,0.7153749596752091,0.43096405100647805,-0.24948556027537896,0.4434169704880929,-0.7367363643981764,-0.7337308829122683,0.27401561437759664,-0.3365149541676642,0.12288209425884102,0.0843320278110071,0.02054703916086094,-0.008446339306518957,
0.2830543575126856,-0.15744897649897419,0.6543387140064408,-1.3442848305974646,-0.03017879412152891,-1.1680976600136752,0.9215328248120348,-0.6133099002171741,0.437473994443653,1.5427480785062522,0.8237915662976805,0.30285169401819595,-0.5421713107512133,-0.021788094024377543,-0.0038406490185575602,
-0.4706159382956175,-0.2141806114507985,-0.029556460999715106,0.8765885033348233,0.3609164666508766,-0.14937840751682308,0.16331765340367266,-0.6390234631632933,-0.12183029235791798,0.7321568248851695,0.10925123761356542,0.23999941601136193,-0.6355051294082599,-0.0010695760432208369,-0.0070932008461590985,
-1.8996824745675887,-0.4680281340448257,-0.11772179141724502,-1.7593700229380342,0.2571478890275281,-0.4481401798141284,0.283401277778859,0.2827223100232012,0.38999821242872773,0.3406372592533982,0.45794194576478775,0.06697865411230844,-0.10433709414963323,-0.014973887118968132,-0.003530307643540813,
3.0436966907888388,-0.9207001932422787,-0.7038139486406155,-0.323677685246252,-0.8776035867455498,-0.6200952511392724,1.533730241037277,0.22809354985547195,-0.4021650363677692,-1.0889755205679457,0.11613417728749974,-0.17736238809554852,1.2092616370604095,0.026357534550008648,-0.006204534463639128,
-1.1001063280779049,-0.2612140090566812,-0.021353808881337675,0.15042226540046744,-1.4733170472453279,-0.8881206651927226,1.568680851565365,-0.23399188360011627,-0.04280435463456459,-0.48640862190600326,-0.3265040005678212,-0.24095172598963224,0.4551632482066444,-0.053980336301152454,0.011403819157184018,
-0.19868699392206166,-0.4017046951517878,-0.5875159830367842,-0.4559635995137647,0.0730613413954441,-0.03171574769359043,0.9205317973249516,0.7785930954706317,0.126130909364844,0.05614710940925982,0.15824401824646492,-0.14381220875158646,0.11865251612670329,-0.09112639094352537,0.00544224062538911,
2.277093685876805,-0.1880572226666825,-0.7983163671128043,-0.5708578304232834,-0.10324784930229397,-0.4107457225693135,0.43356388996697237,0.5579628889029024,-0.196547721108195,-1.8463851632513915,-0.4502608891970298,-0.6775963307934091,0.028228579141215793,-0.12673457264979063,0.2572208540735577,
1.9844889484268666,0.24323153127192246,-1.3390796842072294,-0.013635194133617683,0.45588003567595475,-0.29230399115768435,1.2685931031923403,0.8424197738000163,-0.5757844512619174,-0.8963709828610811,-0.4984602563761699,-0.29520176951690136,-0.02855527910669799,-0.07315159296171171,0.004404829601729973,
2.133270842724285,1.086392144920199,-1.6618959901472008,0.1849383055809541,0.9425792085545387,0.16766203878536337,-0.4832360738190286,0.45412865223132465,-0.21000832688784626,-0.7139300989893046,-0.7923068487225166,-1.3528608110886255,-0.7361492056171018,-0.03148187163008338,0.00593393151997614,
2.988371224300858,-0.2541365362288243,-2.3524317837721003,0.9136049638784903,2.008887627370529,-0.337614771727532,3.116103275424627,0.330203676274464,-2.0527303045155154,0.3459394716832583,-0.9610353752657689,0.014836524971033176,-0.4831468600681463,0.01619157403194641,0.0003136087389243119,
1.4267260762435263,-0.7784175641092038,-1.073652476118314,-0.09013462734717309,0.344860116578564,-0.19871296620653314,0.02108722277521524,-0.30511195266839664,-0.06913596059616504,-0.3415873028561934,-0.4940556731498479,0.3029397147713073,0.5919322056505627,0.015402810651343784,-0.0032193591055737973,
-0.7657504463428596,-0.7158504436874329,0.21149296779798546,-2.0132746473863308,0.29651174499194527,-0.7191974553396586,0.19694479779846388,0.2558069763094838,0.2434843815329643,-0.09494245299956457,0.10371529529593825,-0.008212082058799763,0.2278823111977853,-0.03725208134737211,-0.00283283272979117,
4.046264531647966,-1.2151666988648169,0.17664925721821761,0.10544320745252754,-1.4284209284137628,0.048174203394407485,-0.8573235027776754,0.03953887754121748,0.7806764285604599,-1.1396865211859257,0.4209380465633188,0.3439677621289399,-0.25547563801469897,-0.17710426670108356,0.018232511577356194,
-2.734958108188845,1.663057814027465,0.3590694828049856,0.47607760224310386,-1.3068629759972066,-0.6910420330971655,-0.1385794736492416,0.25237630065873834,0.04291529096331542,0.014622109709465012,0.33173402400199414,0.6992955450956682,0.00657858890304615,0.06878023495976114,-0.0255190178793019,
-3.953289385273994,-0.3762222930670247,-0.11937034158488061,0.9759052298198039,1.2935238094063262,0.8480544094669884,-0.45142637287150716,0.3328366097556337,-1.021342841772349,0.36189178181501125,0.8139418357590751,0.22376482248093324,-0.3731247881063986,0.008545252263875045,-0.0042123152651003205,
-2.904500636509758,-0.2578619126179816,0.02885246592688633,1.2812254689360156,-0.9725109828901645,0.6657703785388353,-0.2720712952478164,0.5648101231679813,0.0691670158606367,-0.02647154179374649,0.1728996798941688,-0.08135608680044229,0.1915278478813098,0.012805232946619964,-0.005803494394282407,
-2.804494977482386,-0.4243221224603489,-0.47996484994097754,1.4811249908853161,0.21231640880029062,0.731310424744443,-0.33539569848139245,0.34391069625670867,-0.36344103860567994,-0.26700309530963806,-0.402235373997201,0.057485524509337645,0.06908720990120809,0.02383252240300001,-0.002926762286582439,
-1.7718949905070114,-0.11798062236269508,-0.2768322675309327,0.44182380784426856,0.851530634219861,0.5062356663160472,-0.8973552311614956,-0.0928465832984103,-1.139272947067816,0.014999338946394802,1.0483019061801662,-0.23228294949251993,-0.10477406776856794,0.008889174710771693,-0.00954256830467282,
0.4862655034129071,-0.3029044009318507,-0.8758563278136484,-0.026075167325474553,0.37119084443711065,-0.1958993744705362,-0.3159715170860068,-0.5584724904914776,-0.3127590298871371,-0.07445544010245185,-0.19038425198818773,-0.08334039650779036,0.1961036149285256,0.010040662010992966,-0.010307886829937173,
-0.09319002498966611,-0.3851941418961696,-0.04964113511668408,-0.27770922990134433,-0.1221547092994542,-0.5208007567862538,-0.3874341650740527,-0.9567811832405279,0.2623243314643936,0.35622118888385057,0.38388946940424196,0.11944428107488764,0.21950866814910114,-0.6631392660455112,0.06641439668004748,
0.4186525271694742,-0.3381127548545258,-0.8555819578312368,-0.11976577132269031,0.40022796977526265,-0.19037556768757738,-0.339932122091019,-0.4726888909762209,-0.380797327975453,-0.2763924613285557,-0.15842270038901796,-0.0492407206660286,0.0887712902460579,0.011121834817797542,-0.007383741175663255,
0.4183276658246255,-0.32798300651337364,-0.7310713074660962,-0.0007087571052183968,0.19419707999259,-0.30669234303435255,-0.2991585512486579,-0.582041699792096,-0.38886299160950655,-0.4663743953180569,-0.3732978273560753,-0.14025734522089525,0.05158464023976,0.015826969070251863,-0.004198900066776314,
1.004846912564506,-0.7469775660658282,2.363770756414346,4.02138532319074,0.8931660104293895,0.9272585194959657,-1.3578144574208229,0.38806384188390647,-2.274977238183606,0.5794471816270061,-0.6595922695701312,0.23338791407051854,0.10542637251998829,-0.5959820221369835,0.0870127213561164,
0.5626714800685854,-0.4912561293637675,-1.106449302204578,0.07981848328030237,0.7522735090043285,-0.3062385118626414,-0.1602062241609317,-0.715893766648428,-0.4360518176508265,0.014247838031691825,-0.7527410098331663,0.23171472269746698,0.32209069606770946,0.02320142175893553,-0.006540894502613187,
0.5538959117631879,-0.4197446710632295,-0.7775851375286005,-0.16057713570064008,0.406465633190916,-0.13753824401767425,-0.3897859215122129,-0.4034552398573621,-0.28779784036537936,-0.070917733533087,-0.15137637007601923,-0.028513099798307944,0.1485940215728648,0.009286546316822838,-0.007615203071731577,
0.48721948352010547,-0.35567114254727306,-0.8084036614876525,-0.25934028548592525,0.34100740459375356,-0.15874942993070174,-0.4055632576531568,-0.3659752582005499,-0.2691117843996335,-0.22379498802509673,-0.034521297649785024,0.0009854390783707479,0.1231522093842521,0.008604193923940523,-0.006566657506301296,
2.2262575835824037,-0.3122428926214024,-1.096223103337283,0.9017832812753074,-0.6291205589767366,0.5036008452683552,0.5766981553553303,1.0696655136989928,0.7463006322592779,-0.20490672211917738,-0.7063280177662922,-0.13821956629856355,-0.4757820631730277,-0.038933642903156235,-0.05105973298137169,
1.9296952277882093,-1.056497676908581,-0.3153235102651635,-0.3017458488272763,-0.38141604554284203,-0.19681825775283732,-0.13113885426679703,-0.17435091687813276,0.08424777395578303,-0.978328135876128,0.34846519619109695,0.38256374899265866,-0.34292786869967934,0.011512917497469494,0.0036276604727008724,
0.5836395537789899,-0.18883155711696029,-0.5178577463654578,0.243638006381522,1.0906540790487675,0.06805587441468235,-0.40976138916303145,-0.40809578855237943,0.028759200966848298,1.443225928932843,0.7301427675487399,0.5728097518177171,1.292604528079409,0.015990031507723938,-0.008948385806626614,
1.6076956522244548,-0.976082032145836,-0.22697572430833254,0.0636393123175719,-0.3475977186736732,0.0126004878627176,-0.23904507964529317,0.041363418857104414,0.43277648677091707,-0.23396240661917644,0.030115355784480765,0.5867572347329302,-0.2556148121896667,0.006427659091242275,-0.00044073324128923117,
-0.19785298675567245,-0.7939397757558807,-0.9571415923509122,0.3661326624343269,0.8812481830216781,0.15646254398778778,-0.9731456245853809,-0.3769128842982445,-1.0269113589430707,-1.5223326916010507,-0.6113224086849561,-0.07427173586941437,0.8683044523776167,0.048161696987076244,-0.007364945638849786,
2.16915584215221,-1.0280180143450872,-0.8588840090269728,-0.04622788843316875,-0.3054233865600558,-0.03626101341265339,-0.5022135267050936,-0.10803201329419995,-0.11819198292438908,-1.0998917906673475,-0.3880673216931924,0.341299857186098,0.37547186155416257,0.026188758191403313,-0.0012918073895002871,
-0.14619690840705019,-0.388726762318862,-0.7067258382419023,0.2275711802701577,0.44103425410513925,-0.020693086298417325,-0.32307449216615786,-0.36823809933318824,-0.727829096598958,-0.647991380421532,0.0048703267061728,-0.1708354313046658,-0.03215397701672837,0.014827187904675288,-0.002275184378349136,
1.3915534193103316,-0.43845721888262307,-0.6839625605154558,-0.17081675033474658,0.07632322407223308,-0.05184507487443862,-0.3340676069406751,-0.0021452387854501123,-0.39050474125207035,-0.8666050412693328,0.26741682295916835,0.018864234137860373,-0.18911585457078042,-0.034640669378782914,-0.10662682719256232,
1.2571247971930424,-0.6065307282619341,-0.6496062981396521,0.11038912181414588,0.1587444831912206,0.019536775093258175,-0.4457933744312766,-0.3096088733621501,-0.05437248083659794,-0.11688053504719545,0.198062045784555,0.24419182388527597,0.3078624526668788,0.009338322921888588,-0.01378669571829072,
-0.9907853642746606,-0.19448005510586105,-0.2845089766419465,0.33635571014769355,-0.050637323041754806,-0.20973255820369202,0.32408740840595146,-0.32509501931846446,-0.8144552064201277,-0.22478624086496088,0.4070908859408732,-0.13325829821902457,-0.22443324711342472,0.011423087088867282,-0.01208361895401878,
-2.33061224992389,-0.2949397315142881,0.1997279099254624,0.5405763759238568,-0.9745511941395454,-0.06726493631359194,-0.11115362442315044,-0.4206300347927833,-0.19211254150681736,0.0558060960205754,0.4196332947756838,-0.2731800306414898,0.21849981360456158,0.015516189134636125,-0.011845368822756929,
2.582905916667088,-1.0414113780452925,-0.07017291673219112,-0.38019453636312334,-1.1270915037913438,-0.45558767645624587,0.4428548493638834,-0.215280767155601,0.415432999402287,-0.29605692735653893,0.5319681128796008,0.3602113256420764,0.08541038863672144,-0.0011644396374664967,-0.0020435297043369946,
-2.5464388370751325,-0.14129643367083658,0.2227502257547911,0.6373862188626488,-0.8800669933832385,0.015274939047061523,-0.15639502468457017,-0.15463059203060386,-0.10239915978076047,0.028882316415942688,0.3972712534108499,-0.09574193575408788,0.27170089880482906,0.0140047539505588,-0.013506980786654734,
-2.0173469263299864,-0.08811903941620568,-0.9879491266008001,0.13611264505901127,1.4105554690682516,0.19484490895049036,-0.3166944417415828,0.12318918779906064,-0.7569616931653056,-0.08142497856535985,-0.3495606927491372,0.2055337877559427,0.009962516053072678,0.018179660416747137,-0.0037045198022304477,
-2.6849895613769097,0.45905436369823255,0.04645394035604483,0.1456795090732826,-0.5532081540773511,-0.9357175053411302,0.2415776772524425,-1.1335062579433446,-0.27515274713127597,-0.014867105359690708,-0.16437995466125738,-0.25603398750743067,-0.020233304026172422,0.0037909310374873418,0.006364606602357313,
-2.884762619403486,0.03901477396112211,-0.44625773923183576,0.012260375639384613,0.4814443421326934,-0.06284922568771018,-0.0012303364665063679,0.004312893249111903,-0.2772804784009072,0.22782132086393198,-0.17209436325122424,0.01843128972781066,-0.1760057108364558,0.0038601396119248618,0.0026227975849501513,
-1.3469544982728505,-0.037255272983756596,-0.6166737051467198,-0.4391307396735971,0.6634204860118583,0.11795022756107802,0.1537718072240435,0.5740317217173443,-0.2414689706875923,0.29421008123152237,0.30674691987544384,-0.031352135114562626,-0.17810495532647974,0.047718675161877264,0.13714422378984326,
-1.0568255784435125,-0.07661816645485658,2.9943549504678355,0.30266016012196056,-0.8037549978428123,-1.3358146909155186,-0.044775005242028286,-0.5771062972022463,-1.3670710787630687,0.40683382418600084,-0.2506213641483567,-0.3793745451471956,0.08128769166308693,0.032962668062024796,0.026134785136211054,
-3.3031463400174514,0.1067169363263494,1.7402818664447532,0.8605482323297318,-0.4335662019736051,-0.3534834994864638,-0.41135969163248215,-0.9616435901787213,-1.150264934303729,0.5542478853329768,1.5898233672931374,-0.3079811278092745,-0.24371043749106433,0.02381081712647244,-0.002507388846979864,
-0.2893262516772513,0.381729703121076,5.9778167816799845,6.615715117999176,9.223860062037012,-0.4452214546299637,1.9409717192014633,-1.6017020225510064,4.174597251759656,-1.0720131319734982,1.2726451207079192,0.6846117516404473,0.22328975915781535,0.0671813791498771,0.06290209685931628,
-3.671049480181907,-0.4228452687076558,1.114170720582326,2.1949554463654635,0.8263070324749505,1.060593325809391,0.31572814377007746,1.0873065055944957,0.7152501529012014,0.15484691871604128,0.7605426092892883,0.19905244560387694,-0.16611806112859806,0.01250281880037521,0.010202306156542886,
-2.8837333528194784,-0.2904555325426734,3.2580082303431657,2.3298274683970153,4.2412742657460045,-0.00928965725047176,0.034131847735092355,-0.38316443358147234,0.6338943690695481,-0.5842454692792554,1.105726621622723,0.10981339291885608,0.17323236906333614,0.045998729171243126,0.021861220341232755,
-0.3184982019916743,-0.5058509357092864,-0.7094683462448964,0.7548167062063944,-0.0002834912675650682,0.3744747187606645,-0.5039761642241654,0.04706731593389047,-0.16551137928138476,-0.49698507574147033,-0.35523436167348427,-0.039147304396597526,0.09329039512245556,0.015503844674611375,-0.004243804061724129,
-2.5280179953433985,-0.3872838353060757,0.06788084122130583,-0.045122705770603684,0.6972882914149939,0.3971158872411881,-0.6800436770087374,0.16236309359437678,-0.7335170315323519,-0.015724405174541732,1.2333353451676188,0.10566281386546442,0.052400384499996455,0.011985100622039009,-0.00757223961304922,
-2.4172400310903575,-0.2119584996250226,-0.2369171300896689,-0.019713087508032162,0.3637738478635093,0.4603634418730314,-0.6054174812612486,0.5265574038186245,-0.5409628733965848,-0.012168904835893722,0.7789143116033478,0.10330734689600113,0.1867654351912625,0.010312263425497117,-0.006221590181382223,
-2.576765289382906,-0.7710588952902303,0.31963954461918836,0.8965760657663352,-0.5831325054645538,0.9404848423627762,0.16181914351079818,1.6050168749966376,0.9536566148660368,0.23694771056145322,-0.11071529927610727,0.17363632650081637,0.18794194641566186,-0.00013674234537140647,0.014785829226993402,
-3.284147065478871,0.8185228731349291,0.7426867329998318,1.1018927197818296,-1.8328572094546787,-1.3651854282408036,0.4480656269890811,-2.17555855151432,-0.4062663836115104,0.11253793454340887,0.09323813748263504,-0.698332504496811,0.10290649435974303,0.0018717804166332196,0.011316291657055319,
